,iso_code,location,date,total_cases,new_cases,total_deaths,new_deaths,reproduction_rate,people_vaccinated
0,IND,India,2020-03-15,113.0,11.0,2.0,0.0,1.62,
1,IND,India,2020-03-16,119.0,6.0,2.0,0.0,1.64,
2,IND,India,2020-03-17,142.0,23.0,3.0,1.0,1.76,
3,IND,India,2020-03-18,156.0,14.0,3.0,0.0,1.85,
4,IND,India,2020-03-19,194.0,38.0,4.0,1.0,2.02,
5,IND,India,2020-03-20,244.0,50.0,5.0,1.0,2.15,
6,IND,India,2020-03-21,330.0,86.0,4.0,-1.0,2.22,
7,IND,India,2020-03-22,396.0,66.0,7.0,3.0,2.21,
8,IND,India,2020-03-23,499.0,103.0,10.0,3.0,2.17,
9,IND,India,2020-03-24,536.0,37.0,10.0,0.0,2.11,
10,IND,India,2020-03-25,657.0,121.0,12.0,2.0,2.1,
11,IND,India,2020-03-26,727.0,70.0,20.0,8.0,2.08,
12,IND,India,2020-03-27,887.0,160.0,20.0,0.0,2.11,
13,IND,India,2020-03-28,987.0,100.0,24.0,4.0,2.09,
14,IND,India,2020-03-29,1024.0,37.0,27.0,3.0,2.15,
15,IND,India,2020-03-30,1251.0,227.0,32.0,5.0,2.28,
16,IND,India,2020-03-31,1397.0,146.0,35.0,3.0,2.38,
17,IND,India,2020-04-01,1998.0,601.0,58.0,23.0,2.49,
18,IND,India,2020-04-02,2543.0,545.0,72.0,14.0,2.4,
19,IND,India,2020-04-03,2567.0,24.0,72.0,0.0,2.26,
20,IND,India,2020-04-04,3082.0,515.0,86.0,14.0,2.25,
21,IND,India,2020-04-05,3588.0,506.0,99.0,13.0,2.23,
22,IND,India,2020-04-06,4778.0,1190.0,136.0,37.0,2.19,
23,IND,India,2020-04-07,5311.0,533.0,150.0,14.0,2.05,
24,IND,India,2020-04-08,5916.0,605.0,178.0,28.0,1.92,
25,IND,India,2020-04-09,6725.0,809.0,226.0,48.0,1.84,
26,IND,India,2020-04-10,7598.0,873.0,246.0,20.0,1.78,
27,IND,India,2020-04-11,8446.0,848.0,288.0,42.0,1.7,
28,IND,India,2020-04-12,9205.0,759.0,331.0,43.0,1.65,
29,IND,India,2020-04-13,10453.0,1248.0,358.0,27.0,1.61,
30,IND,India,2020-04-14,11487.0,1034.0,393.0,35.0,1.57,
31,IND,India,2020-04-15,12322.0,835.0,405.0,12.0,1.51,
32,IND,India,2020-04-16,13430.0,1108.0,448.0,43.0,1.48,
33,IND,India,2020-04-17,14352.0,922.0,486.0,38.0,1.47,
34,IND,India,2020-04-18,15722.0,1370.0,521.0,35.0,1.47,
35,IND,India,2020-04-19,17615.0,1893.0,559.0,38.0,1.47,
36,IND,India,2020-04-20,18539.0,924.0,592.0,33.0,1.41,
37,IND,India,2020-04-21,20080.0,1541.0,645.0,53.0,1.4,
38,IND,India,2020-04-22,21370.0,1290.0,681.0,36.0,1.37,
39,IND,India,2020-04-23,23077.0,1707.0,721.0,40.0,1.37,
40,IND,India,2020-04-24,24530.0,1453.0,780.0,59.0,1.35,
41,IND,India,2020-04-25,26283.0,1753.0,825.0,45.0,1.34,
42,IND,India,2020-04-26,27890.0,1607.0,881.0,56.0,1.34,
43,IND,India,2020-04-27,29451.0,1561.0,939.0,58.0,1.33,
44,IND,India,2020-04-28,31324.0,1873.0,1008.0,69.0,1.35,
45,IND,India,2020-04-29,33062.0,1738.0,1079.0,71.0,1.35,
46,IND,India,2020-04-30,34863.0,1801.0,1154.0,75.0,1.37,
47,IND,India,2020-05-01,37257.0,2394.0,1223.0,69.0,1.41,
48,IND,India,2020-05-02,39699.0,2442.0,1323.0,100.0,1.43,
49,IND,India,2020-05-03,42505.0,2806.0,1391.0,68.0,1.45,
50,IND,India,2020-05-04,46437.0,3932.0,1566.0,175.0,1.47,
51,IND,India,2020-05-05,49400.0,2963.0,1693.0,127.0,1.44,
52,IND,India,2020-05-06,52987.0,3587.0,1785.0,92.0,1.42,
53,IND,India,2020-05-07,56351.0,3364.0,1889.0,104.0,1.39,
54,IND,India,2020-05-08,59695.0,3344.0,1985.0,96.0,1.36,
55,IND,India,2020-05-09,62808.0,3113.0,2101.0,116.0,1.34,
56,IND,India,2020-05-10,67161.0,4353.0,2212.0,111.0,1.33,
57,IND,India,2020-05-11,70768.0,3607.0,2294.0,82.0,1.31,
58,IND,India,2020-05-12,74292.0,3524.0,2415.0,121.0,1.3,
59,IND,India,2020-05-13,78055.0,3763.0,2551.0,136.0,1.29,
60,IND,India,2020-05-14,81997.0,3942.0,2649.0,98.0,1.29,
61,IND,India,2020-05-15,85784.0,3787.0,2753.0,104.0,1.29,
62,IND,India,2020-05-16,90648.0,4864.0,2871.0,118.0,1.31,
63,IND,India,2020-05-17,95698.0,5050.0,3025.0,154.0,1.32,
64,IND,India,2020-05-18,100328.0,4630.0,3156.0,131.0,1.33,
65,IND,India,2020-05-19,106475.0,6147.0,3302.0,146.0,1.34,
66,IND,India,2020-05-20,112028.0,5553.0,3434.0,132.0,1.33,
67,IND,India,2020-05-21,118226.0,6198.0,3584.0,150.0,1.33,
68,IND,India,2020-05-22,124794.0,6568.0,3726.0,142.0,1.32,
69,IND,India,2020-05-23,131423.0,6629.0,3868.0,142.0,1.31,
70,IND,India,2020-05-24,138536.0,7113.0,4024.0,156.0,1.29,
71,IND,India,2020-05-25,144950.0,6414.0,4172.0,148.0,1.28,
72,IND,India,2020-05-26,150793.0,5843.0,4344.0,172.0,1.26,
73,IND,India,2020-05-27,158086.0,7293.0,4534.0,190.0,1.26,
74,IND,India,2020-05-28,165386.0,7300.0,4711.0,177.0,1.26,
75,IND,India,2020-05-29,173491.0,8105.0,4980.0,269.0,1.26,
76,IND,India,2020-05-30,181827.0,8336.0,5185.0,205.0,1.26,
77,IND,India,2020-05-31,190609.0,8782.0,5408.0,223.0,1.26,
78,IND,India,2020-06-01,198370.0,7761.0,5608.0,200.0,1.25,
79,IND,India,2020-06-02,207191.0,8821.0,5829.0,221.0,1.25,
80,IND,India,2020-06-03,216824.0,9633.0,6088.0,259.0,1.24,
81,IND,India,2020-06-04,226713.0,9889.0,6363.0,275.0,1.23,
82,IND,India,2020-06-05,236184.0,9471.0,6649.0,286.0,1.22,
83,IND,India,2020-06-06,246622.0,10438.0,6946.0,297.0,1.21,
84,IND,India,2020-06-07,257486.0,10864.0,7207.0,261.0,1.2,
85,IND,India,2020-06-08,265928.0,8442.0,7473.0,266.0,1.19,
86,IND,India,2020-06-09,276146.0,10218.0,7750.0,277.0,1.19,
87,IND,India,2020-06-10,286605.0,10459.0,8102.0,352.0,1.18,
88,IND,India,2020-06-11,297535.0,10930.0,8498.0,396.0,1.18,
89,IND,India,2020-06-12,308993.0,11458.0,8884.0,386.0,1.18,
90,IND,India,2020-06-13,320922.0,11929.0,9195.0,311.0,1.18,
91,IND,India,2020-06-14,332424.0,11502.0,9520.0,325.0,1.18,
92,IND,India,2020-06-15,343091.0,10667.0,9900.0,380.0,1.18,
93,IND,India,2020-06-16,354065.0,10974.0,11903.0,2003.0,1.19,
94,IND,India,2020-06-17,366946.0,12881.0,12237.0,334.0,1.2,
95,IND,India,2020-06-18,380532.0,13586.0,12573.0,336.0,1.21,
96,IND,India,2020-06-19,395048.0,14516.0,12948.0,375.0,1.22,
97,IND,India,2020-06-20,410451.0,15403.0,13254.0,306.0,1.23,
98,IND,India,2020-06-21,425282.0,14831.0,13699.0,445.0,1.23,
99,IND,India,2020-06-22,440215.0,14933.0,14011.0,312.0,1.24,
100,IND,India,2020-06-23,456183.0,15968.0,14476.0,465.0,1.24,
101,IND,India,2020-06-24,473105.0,16922.0,14894.0,418.0,1.24,
102,IND,India,2020-06-25,490401.0,17296.0,15301.0,407.0,1.24,
103,IND,India,2020-06-26,508953.0,18552.0,15685.0,384.0,1.24,
104,IND,India,2020-06-27,528859.0,19906.0,16095.0,410.0,1.23,
105,IND,India,2020-06-28,548318.0,19459.0,16475.0,380.0,1.23,
106,IND,India,2020-06-29,566840.0,18522.0,16893.0,418.0,1.22,
107,IND,India,2020-06-30,585481.0,18641.0,17400.0,507.0,1.22,
108,IND,India,2020-07-01,604641.0,19160.0,17834.0,434.0,1.21,
109,IND,India,2020-07-02,625544.0,20903.0,18213.0,379.0,1.22,
110,IND,India,2020-07-03,648315.0,22771.0,18655.0,442.0,1.22,
111,IND,India,2020-07-04,673165.0,24850.0,19268.0,613.0,1.22,
112,IND,India,2020-07-05,697413.0,24248.0,19693.0,425.0,1.22,
113,IND,India,2020-07-06,719664.0,22251.0,20159.0,466.0,1.22,
114,IND,India,2020-07-07,742417.0,22753.0,20642.0,483.0,1.22,
115,IND,India,2020-07-08,767296.0,24879.0,21129.0,487.0,1.21,
116,IND,India,2020-07-09,793802.0,26506.0,21604.0,475.0,1.22,
117,IND,India,2020-07-10,820916.0,27114.0,22123.0,519.0,1.22,
118,IND,India,2020-07-11,849522.0,28606.0,22673.0,550.0,1.22,
119,IND,India,2020-07-12,878254.0,28732.0,23174.0,501.0,1.23,
120,IND,India,2020-07-13,906752.0,28498.0,23727.0,553.0,1.24,
121,IND,India,2020-07-14,936181.0,29429.0,24309.0,582.0,1.24,
122,IND,India,2020-07-15,968857.0,32676.0,24914.0,605.0,1.25,
123,IND,India,2020-07-16,1003832.0,34975.0,25602.0,688.0,1.25,
124,IND,India,2020-07-17,1039084.0,35252.0,26273.0,671.0,1.26,
125,IND,India,2020-07-18,1077781.0,38697.0,26816.0,543.0,1.26,
126,IND,India,2020-07-19,1118206.0,40425.0,27497.0,681.0,1.27,
127,IND,India,2020-07-20,1155338.0,37132.0,28082.0,585.0,1.27,
128,IND,India,2020-07-21,1193078.0,37740.0,28732.0,650.0,1.26,
129,IND,India,2020-07-22,1238798.0,45720.0,29861.0,1129.0,1.27,
130,IND,India,2020-07-23,1288108.0,49310.0,30601.0,740.0,1.26,
131,IND,India,2020-07-24,1337024.0,48916.0,31358.0,757.0,1.25,
132,IND,India,2020-07-25,1385635.0,48611.0,32060.0,702.0,1.24,
133,IND,India,2020-07-26,1435616.0,49981.0,32771.0,711.0,1.23,
134,IND,India,2020-07-27,1480073.0,44457.0,33408.0,637.0,1.22,
135,IND,India,2020-07-28,1531669.0,51596.0,34193.0,785.0,1.21,
136,IND,India,2020-07-29,1581963.0,50294.0,34955.0,762.0,1.19,
137,IND,India,2020-07-30,1634746.0,52783.0,35718.0,763.0,1.19,
138,IND,India,2020-07-31,1695988.0,61242.0,36511.0,793.0,1.18,
139,IND,India,2020-08-01,1750723.0,54735.0,37364.0,853.0,1.16,
140,IND,India,2020-08-02,1803695.0,52972.0,38135.0,771.0,1.15,
141,IND,India,2020-08-03,1855745.0,52050.0,38938.0,803.0,1.15,
142,IND,India,2020-08-04,1908254.0,52509.0,39795.0,857.0,1.14,
143,IND,India,2020-08-05,1964536.0,56282.0,40699.0,904.0,1.13,
144,IND,India,2020-08-06,2027074.0,62538.0,41585.0,886.0,1.13,
145,IND,India,2020-08-07,2088611.0,61537.0,42518.0,933.0,1.13,
146,IND,India,2020-08-08,2153010.0,64399.0,43379.0,861.0,1.12,
147,IND,India,2020-08-09,2215074.0,62064.0,44386.0,1007.0,1.12,
148,IND,India,2020-08-10,2268675.0,53601.0,45257.0,871.0,1.11,
149,IND,India,2020-08-11,2329638.0,60963.0,46091.0,834.0,1.1,
150,IND,India,2020-08-12,2396637.0,66999.0,47033.0,942.0,1.09,
151,IND,India,2020-08-13,2461190.0,64553.0,48040.0,1007.0,1.08,
152,IND,India,2020-08-14,2525922.0,64732.0,49036.0,996.0,1.08,
153,IND,India,2020-08-15,2589952.0,64030.0,49980.0,944.0,1.07,
154,IND,India,2020-08-16,2647663.0,57711.0,50921.0,941.0,1.07,
155,IND,India,2020-08-17,2702681.0,55018.0,51797.0,876.0,1.07,
156,IND,India,2020-08-18,2767253.0,64572.0,52888.0,1091.0,1.07,
157,IND,India,2020-08-19,2836925.0,69672.0,53866.0,978.0,1.07,
158,IND,India,2020-08-20,2905825.0,68900.0,54849.0,983.0,1.07,
159,IND,India,2020-08-21,2975701.0,69876.0,55794.0,945.0,1.07,
160,IND,India,2020-08-22,3044940.0,69239.0,56706.0,912.0,1.07,
161,IND,India,2020-08-23,3106348.0,61408.0,57542.0,836.0,1.07,
162,IND,India,2020-08-24,3167323.0,60975.0,58390.0,848.0,1.08,
163,IND,India,2020-08-25,3224547.0,57224.0,59357.0,967.0,1.09,
164,IND,India,2020-08-26,3310234.0,85687.0,60472.0,1115.0,1.1,
165,IND,India,2020-08-27,3387500.0,77266.0,61529.0,1057.0,1.11,
166,IND,India,2020-08-28,3463972.0,76472.0,62550.0,1021.0,1.11,
167,IND,India,2020-08-29,3542733.0,78761.0,63498.0,948.0,1.11,
168,IND,India,2020-08-30,3621245.0,78512.0,64469.0,971.0,1.11,
169,IND,India,2020-08-31,3691166.0,69921.0,65288.0,819.0,1.11,
170,IND,India,2020-09-01,3769523.0,78357.0,66333.0,1045.0,1.11,
171,IND,India,2020-09-02,3853406.0,83883.0,67376.0,1043.0,1.11,
172,IND,India,2020-09-03,3936747.0,83341.0,68472.0,1096.0,1.11,
173,IND,India,2020-09-04,4023179.0,86432.0,69561.0,1089.0,1.11,
174,IND,India,2020-09-05,4113811.0,90632.0,70626.0,1065.0,1.11,
175,IND,India,2020-09-06,4204613.0,90802.0,71642.0,1016.0,1.11,
176,IND,India,2020-09-07,4280422.0,75809.0,72775.0,1133.0,1.11,
177,IND,India,2020-09-08,4370128.0,89706.0,73890.0,1115.0,1.1,
178,IND,India,2020-09-09,4465863.0,95735.0,75062.0,1172.0,1.1,
179,IND,India,2020-09-10,4562414.0,96551.0,76271.0,1209.0,1.09,
180,IND,India,2020-09-11,4659984.0,97570.0,77472.0,1201.0,1.08,
181,IND,India,2020-09-12,4754356.0,94372.0,78586.0,1114.0,1.07,
182,IND,India,2020-09-13,4846427.0,92071.0,79722.0,1136.0,1.06,
183,IND,India,2020-09-14,4930236.0,83809.0,80776.0,1054.0,1.06,
184,IND,India,2020-09-15,5020359.0,90123.0,82066.0,1290.0,1.04,
185,IND,India,2020-09-16,5118253.0,97894.0,83198.0,1132.0,1.03,
186,IND,India,2020-09-17,5214677.0,96424.0,84372.0,1174.0,1.02,
187,IND,India,2020-09-18,5308014.0,93337.0,85619.0,1247.0,1.01,
188,IND,India,2020-09-19,5400619.0,92605.0,86752.0,1133.0,1.0,
189,IND,India,2020-09-20,5487580.0,86961.0,87882.0,1130.0,0.99,
190,IND,India,2020-09-21,5562663.0,75083.0,88935.0,1053.0,0.98,
191,IND,India,2020-09-22,5646010.0,83347.0,90020.0,1085.0,0.97,
192,IND,India,2020-09-23,5732518.0,86508.0,91149.0,1129.0,0.96,
193,IND,India,2020-09-24,5818570.0,86052.0,92290.0,1141.0,0.96,
194,IND,India,2020-09-25,5903932.0,85362.0,93379.0,1089.0,0.96,
195,IND,India,2020-09-26,5992532.0,88600.0,94503.0,1124.0,0.96,
196,IND,India,2020-09-27,6074702.0,82170.0,95542.0,1039.0,0.96,
197,IND,India,2020-09-28,6145291.0,70589.0,96318.0,776.0,0.95,
198,IND,India,2020-09-29,6225763.0,80472.0,97497.0,1179.0,0.95,
199,IND,India,2020-09-30,6312584.0,86821.0,98678.0,1181.0,0.94,
200,IND,India,2020-10-01,6394068.0,81484.0,99773.0,1095.0,0.94,
201,IND,India,2020-10-02,6473544.0,79476.0,100842.0,1069.0,0.93,
202,IND,India,2020-10-03,6549373.0,75829.0,101782.0,940.0,0.92,
203,IND,India,2020-10-04,6623815.0,74442.0,102685.0,903.0,0.92,
204,IND,India,2020-10-05,6685082.0,61267.0,103569.0,884.0,0.92,
205,IND,India,2020-10-06,6757131.0,72049.0,104555.0,986.0,0.92,
206,IND,India,2020-10-07,6835655.0,78524.0,105526.0,971.0,0.92,
207,IND,India,2020-10-08,6906151.0,70496.0,106490.0,964.0,0.91,
208,IND,India,2020-10-09,6979423.0,73272.0,107416.0,926.0,0.91,
209,IND,India,2020-10-10,7053806.0,74383.0,108334.0,918.0,0.91,
210,IND,India,2020-10-11,7120538.0,66732.0,109150.0,816.0,0.9,
211,IND,India,2020-10-12,7175880.0,55342.0,109856.0,706.0,0.9,
212,IND,India,2020-10-13,7239389.0,63509.0,110586.0,730.0,0.89,
213,IND,India,2020-10-14,7307097.0,67708.0,111266.0,680.0,0.89,
214,IND,India,2020-10-15,7370468.0,63371.0,112161.0,895.0,0.88,
215,IND,India,2020-10-16,7432680.0,62212.0,112998.0,837.0,0.88,
216,IND,India,2020-10-17,7494551.0,61871.0,114031.0,1033.0,0.87,
217,IND,India,2020-10-18,7550273.0,55722.0,114610.0,579.0,0.87,
218,IND,India,2020-10-19,7597063.0,46790.0,115197.0,587.0,0.86,
219,IND,India,2020-10-20,7651107.0,54044.0,115914.0,717.0,0.86,
220,IND,India,2020-10-21,7706946.0,55839.0,116616.0,702.0,0.86,
221,IND,India,2020-10-22,7761312.0,54366.0,117306.0,690.0,0.86,
222,IND,India,2020-10-23,7814682.0,53370.0,117956.0,650.0,0.85,
223,IND,India,2020-10-24,7864811.0,50129.0,118534.0,578.0,0.86,
224,IND,India,2020-10-25,7909959.0,45148.0,119014.0,480.0,0.86,
225,IND,India,2020-10-26,7946429.0,36470.0,119502.0,488.0,0.86,
226,IND,India,2020-10-27,7990322.0,43893.0,120010.0,508.0,0.87,
227,IND,India,2020-10-28,8040203.0,49881.0,120527.0,517.0,0.88,
228,IND,India,2020-10-29,8088851.0,48648.0,121090.0,563.0,0.89,
229,IND,India,2020-10-30,8137119.0,48268.0,121641.0,551.0,0.9,
230,IND,India,2020-10-31,8184082.0,46963.0,122111.0,470.0,0.91,
231,IND,India,2020-11-01,8229313.0,45231.0,122607.0,496.0,0.92,
232,IND,India,2020-11-02,8267623.0,38310.0,123097.0,490.0,0.93,
233,IND,India,2020-11-03,8313876.0,46253.0,123611.0,514.0,0.93,
234,IND,India,2020-11-04,8364086.0,50210.0,124315.0,704.0,0.94,
235,IND,India,2020-11-05,8411724.0,47638.0,124985.0,670.0,0.94,
236,IND,India,2020-11-06,8462080.0,50356.0,125562.0,577.0,0.95,
237,IND,India,2020-11-07,8507754.0,45674.0,126121.0,559.0,0.95,
238,IND,India,2020-11-08,8553657.0,45903.0,126611.0,490.0,0.95,
239,IND,India,2020-11-09,8591730.0,38073.0,127059.0,448.0,0.94,
240,IND,India,2020-11-10,8636011.0,44281.0,127571.0,512.0,0.94,
241,IND,India,2020-11-11,8683916.0,47905.0,128121.0,550.0,0.94,
242,IND,India,2020-11-12,8728795.0,44879.0,128668.0,547.0,0.93,
243,IND,India,2020-11-13,8773479.0,44684.0,129188.0,520.0,0.92,
244,IND,India,2020-11-14,8814579.0,41100.0,129635.0,447.0,0.92,
245,IND,India,2020-11-15,8845127.0,30548.0,130070.0,435.0,0.92,
246,IND,India,2020-11-16,8874290.0,29163.0,130519.0,449.0,0.93,
247,IND,India,2020-11-17,8912907.0,38617.0,130993.0,474.0,0.95,
248,IND,India,2020-11-18,8958483.0,45576.0,131578.0,585.0,0.97,
249,IND,India,2020-11-19,9004365.0,45882.0,132162.0,584.0,0.98,
250,IND,India,2020-11-20,9050597.0,46232.0,132726.0,564.0,0.99,
251,IND,India,2020-11-21,9095806.0,45209.0,133227.0,501.0,0.99,
252,IND,India,2020-11-22,9139865.0,44059.0,133738.0,511.0,0.99,
253,IND,India,2020-11-23,9177840.0,37975.0,134218.0,480.0,0.99,
254,IND,India,2020-11-24,9222216.0,44376.0,134699.0,481.0,0.98,
255,IND,India,2020-11-25,9266705.0,44489.0,135223.0,524.0,0.97,
256,IND,India,2020-11-26,9309787.0,43082.0,135715.0,492.0,0.96,
257,IND,India,2020-11-27,9351109.0,41322.0,136200.0,485.0,0.95,
258,IND,India,2020-11-28,9392919.0,41810.0,136696.0,496.0,0.94,
259,IND,India,2020-11-29,9431691.0,38772.0,137139.0,443.0,0.93,
260,IND,India,2020-11-30,9462809.0,31118.0,137621.0,482.0,0.92,
261,IND,India,2020-12-01,9499413.0,36604.0,138122.0,501.0,0.91,
262,IND,India,2020-12-02,9534964.0,35551.0,138648.0,526.0,0.9,
263,IND,India,2020-12-03,9571559.0,36595.0,139188.0,540.0,0.89,
264,IND,India,2020-12-04,9608211.0,36652.0,139700.0,512.0,0.89,
265,IND,India,2020-12-05,9644222.0,36011.0,140182.0,482.0,0.88,
266,IND,India,2020-12-06,9677203.0,32981.0,140573.0,391.0,0.88,
267,IND,India,2020-12-07,9703770.0,26567.0,140958.0,385.0,0.87,
268,IND,India,2020-12-08,9735850.0,32080.0,141360.0,402.0,0.87,
269,IND,India,2020-12-09,9767371.0,31521.0,141772.0,412.0,0.86,
270,IND,India,2020-12-10,9796744.0,29373.0,142185.0,413.0,0.85,
271,IND,India,2020-12-11,9826775.0,30031.0,142628.0,443.0,0.85,
272,IND,India,2020-12-12,9857029.0,30254.0,143019.0,391.0,0.85,
273,IND,India,2020-12-13,9884100.0,27071.0,143355.0,336.0,0.84,
274,IND,India,2020-12-14,9906165.0,22065.0,143709.0,354.0,0.84,
275,IND,India,2020-12-15,9932547.0,26382.0,144096.0,387.0,0.84,
276,IND,India,2020-12-16,9956557.0,24010.0,144451.0,355.0,0.83,
277,IND,India,2020-12-17,9979447.0,22890.0,144789.0,338.0,0.84,
278,IND,India,2020-12-18,10004599.0,25152.0,145136.0,347.0,0.85,
279,IND,India,2020-12-19,10031223.0,26624.0,145477.0,341.0,0.85,
280,IND,India,2020-12-20,10055560.0,24337.0,145810.0,333.0,0.86,
281,IND,India,2020-12-21,10075116.0,19556.0,146111.0,301.0,0.86,
282,IND,India,2020-12-22,10099066.0,23950.0,146444.0,333.0,0.86,
283,IND,India,2020-12-23,10123778.0,24712.0,146756.0,312.0,0.86,
284,IND,India,2020-12-24,10146845.0,23067.0,147092.0,336.0,0.86,
285,IND,India,2020-12-25,10169118.0,22273.0,147343.0,251.0,0.86,
286,IND,India,2020-12-26,10187850.0,18732.0,147622.0,279.0,0.85,
287,IND,India,2020-12-27,10207871.0,20021.0,147901.0,279.0,0.86,
288,IND,India,2020-12-28,10224303.0,16432.0,148153.0,252.0,0.86,
289,IND,India,2020-12-29,10244852.0,20549.0,148439.0,286.0,0.87,
290,IND,India,2020-12-30,10266674.0,21822.0,148738.0,299.0,0.87,
291,IND,India,2020-12-31,10286709.0,20035.0,148994.0,256.0,0.87,
292,IND,India,2021-01-01,10305788.0,19079.0,149218.0,224.0,0.87,
293,IND,India,2021-01-02,10323965.0,18177.0,149435.0,217.0,0.87,
294,IND,India,2021-01-03,10340469.0,16504.0,149649.0,214.0,0.88,
295,IND,India,2021-01-04,10356844.0,16375.0,149850.0,201.0,0.89,
296,IND,India,2021-01-05,10374932.0,18088.0,150114.0,264.0,0.89,
297,IND,India,2021-01-06,10395278.0,20346.0,150336.0,222.0,0.89,
298,IND,India,2021-01-07,10413417.0,18139.0,150570.0,234.0,0.89,
299,IND,India,2021-01-08,10413417.0,0.0,150570.0,0.0,0.89,
300,IND,India,2021-01-09,10450284.0,36867.0,150999.0,429.0,0.95,
301,IND,India,2021-01-10,10466595.0,16311.0,151160.0,161.0,0.93,
302,IND,India,2021-01-11,10479179.0,12584.0,151327.0,167.0,0.92,
303,IND,India,2021-01-12,10495147.0,15968.0,151529.0,202.0,0.9,
304,IND,India,2021-01-13,10512093.0,16946.0,151727.0,198.0,0.89,
305,IND,India,2021-01-14,10527683.0,15590.0,151918.0,191.0,0.88,
306,IND,India,2021-01-15,10542841.0,15158.0,152093.0,175.0,0.88,
307,IND,India,2021-01-16,10557985.0,15144.0,152274.0,181.0,0.87,191181.0
308,IND,India,2021-01-17,10571773.0,13788.0,152419.0,145.0,0.87,224301.0
309,IND,India,2021-01-18,10581823.0,10050.0,152556.0,137.0,0.88,454049.0
310,IND,India,2021-01-19,10595639.0,13816.0,152718.0,162.0,0.88,674835.0
311,IND,India,2021-01-20,10610883.0,15244.0,152869.0,151.0,0.89,806484.0
312,IND,India,2021-01-21,10625428.0,14545.0,153032.0,163.0,0.9,1043534.0
313,IND,India,2021-01-22,10639684.0,14256.0,153184.0,152.0,0.9,1390592.0
314,IND,India,2021-01-23,10654533.0,14849.0,153339.0,155.0,0.9,1582201.0
315,IND,India,2021-01-24,10667736.0,13203.0,153470.0,131.0,0.9,1615504.0
316,IND,India,2021-01-25,10676838.0,9102.0,153587.0,117.0,0.9,2023809.0
317,IND,India,2021-01-26,10689527.0,12689.0,153724.0,137.0,0.91,2029480.0
318,IND,India,2021-01-27,10701193.0,11666.0,153847.0,123.0,0.92,2355979.0
319,IND,India,2021-01-28,10720048.0,18855.0,154010.0,163.0,0.93,2928053.0
320,IND,India,2021-01-29,10733130.0,13082.0,154147.0,137.0,0.92,3500027.0
321,IND,India,2021-01-30,10746174.0,13044.0,154274.0,127.0,0.91,3744334.0
322,IND,India,2021-01-31,10757610.0,11436.0,154392.0,118.0,0.91,3758843.0
323,IND,India,2021-02-01,10766245.0,8635.0,154486.0,94.0,0.91,3950156.0
324,IND,India,2021-02-02,10777284.0,11039.0,154596.0,110.0,0.91,4138918.0
325,IND,India,2021-02-03,10790183.0,12899.0,154703.0,107.0,0.92,4449552.0
326,IND,India,2021-02-04,10802591.0,12408.0,154823.0,120.0,0.92,4959445.0
327,IND,India,2021-02-05,10814304.0,11713.0,154918.0,95.0,0.92,5416849.0
328,IND,India,2021-02-06,10826363.0,12059.0,154996.0,78.0,0.93,5775322.0
329,IND,India,2021-02-07,10838194.0,11831.0,155080.0,84.0,0.94,5812362.0
330,IND,India,2021-02-08,10847304.0,9110.0,155158.0,78.0,0.94,6259008.0
331,IND,India,2021-02-09,10858371.0,11067.0,155252.0,94.0,0.95,6611561.0
332,IND,India,2021-02-10,10871294.0,12923.0,155360.0,108.0,0.95,7017114.0
333,IND,India,2021-02-11,10880603.0,9309.0,155447.0,87.0,0.96,7505010.0
334,IND,India,2021-02-12,10892746.0,12143.0,155550.0,103.0,0.97,7967647.0
335,IND,India,2021-02-13,10904940.0,12194.0,155642.0,92.0,0.99,8044786.0
336,IND,India,2021-02-14,10916589.0,11649.0,155732.0,90.0,1.0,
337,IND,India,2021-02-15,10925710.0,9121.0,155813.0,81.0,1.02,8418653.0
338,IND,India,2021-02-16,10937320.0,11610.0,155913.0,100.0,1.03,8641002.0
339,IND,India,2021-02-17,10950201.0,12881.0,156014.0,101.0,1.05,8844641.0
340,IND,India,2021-02-18,10963394.0,13193.0,156111.0,97.0,1.07,9381591.0
341,IND,India,2021-02-19,10977387.0,13993.0,156212.0,101.0,1.08,9693000.0
342,IND,India,2021-02-20,10991651.0,14264.0,156302.0,90.0,1.09,9964383.0
343,IND,India,2021-02-21,11005850.0,14199.0,156385.0,83.0,1.1,10124531.0
344,IND,India,2021-02-22,11016434.0,10584.0,156463.0,78.0,1.11,10308552.0
345,IND,India,2021-02-23,11030176.0,13742.0,156567.0,104.0,1.12,10585757.0
346,IND,India,2021-02-24,11046914.0,16738.0,156705.0,138.0,1.13,10884879.0
347,IND,India,2021-02-25,11063491.0,16577.0,156825.0,120.0,1.14,11206188.0
348,IND,India,2021-02-26,11079979.0,16488.0,156938.0,113.0,1.13,11552857.0
349,IND,India,2021-02-27,11096731.0,16752.0,157051.0,113.0,1.13,11788669.0
350,IND,India,2021-02-28,11112241.0,15510.0,157157.0,106.0,1.13,11845075.0
351,IND,India,2021-03-01,11124527.0,12286.0,157248.0,91.0,1.13,12256337.0
352,IND,India,2021-03-02,11139516.0,14989.0,157346.0,98.0,1.13,12906771.0
353,IND,India,2021-03-03,11156923.0,17407.0,157435.0,89.0,1.14,13739121.0
354,IND,India,2021-03-04,11173761.0,16838.0,157548.0,113.0,1.15,14796835.0
355,IND,India,2021-03-05,11192045.0,18284.0,157656.0,108.0,1.16,15996683.0
356,IND,India,2021-03-06,11210799.0,18754.0,157756.0,100.0,1.17,17168303.0
357,IND,India,2021-03-07,11229398.0,18599.0,157853.0,97.0,1.19,17227903.0
358,IND,India,2021-03-08,11244786.0,15388.0,157930.0,77.0,1.2,18943283.0
359,IND,India,2021-03-09,11262707.0,17921.0,158063.0,133.0,1.22,20004227.0
360,IND,India,2021-03-10,11285561.0,22854.0,158189.0,126.0,1.25,21034481.0
361,IND,India,2021-03-11,11308846.0,23285.0,158306.0,117.0,1.27,21435841.0
362,IND,India,2021-03-12,11333728.0,24882.0,158446.0,140.0,1.29,23075504.0
363,IND,India,2021-03-13,11359048.0,25320.0,158607.0,161.0,1.31,24307635.0
364,IND,India,2021-03-14,11385339.0,26291.0,158725.0,118.0,1.34,24452385.0
365,IND,India,2021-03-15,11409831.0,24492.0,158856.0,131.0,1.36,27079484.0
366,IND,India,2021-03-16,11438734.0,28903.0,159044.0,188.0,1.39,28862037.0
367,IND,India,2021-03-17,11474605.0,35871.0,159216.0,172.0,1.41,30600787.0
368,IND,India,2021-03-18,11514331.0,39726.0,159370.0,154.0,1.43,32426230.0
369,IND,India,2021-03-19,11555284.0,40953.0,159558.0,188.0,1.43,34842030.0
370,IND,India,2021-03-20,11599130.0,43846.0,159755.0,197.0,1.44,37125187.0
371,IND,India,2021-03-21,11646081.0,46951.0,159967.0,212.0,1.44,37574302.0
372,IND,India,2021-03-22,11686796.0,40715.0,160166.0,199.0,1.43,40631153.0
373,IND,India,2021-03-23,11734058.0,47262.0,160441.0,275.0,1.43,42731952.0
374,IND,India,2021-03-24,11787534.0,53476.0,160692.0,251.0,1.42,44846538.0
375,IND,India,2021-03-25,11846652.0,59118.0,160949.0,257.0,1.42,47001472.0
376,IND,India,2021-03-26,11908910.0,62258.0,161240.0,291.0,1.41,49426618.0
377,IND,India,2021-03-27,11971624.0,62714.0,161552.0,312.0,1.41,51441436.0
378,IND,India,2021-03-28,12039644.0,68020.0,161843.0,291.0,1.4,51660234.0
379,IND,India,2021-03-29,12095855.0,56211.0,162114.0,271.0,1.39,52211398.0
380,IND,India,2021-03-30,12149335.0,53480.0,162468.0,354.0,1.38,53989035.0
381,IND,India,2021-03-31,12221665.0,72330.0,162927.0,459.0,1.4,55783201.0
382,IND,India,2021-04-01,12303131.0,81466.0,163396.0,469.0,1.42,59148798.0
383,IND,India,2021-04-02,12392260.0,89129.0,164110.0,714.0,1.44,63081589.0
384,IND,India,2021-04-03,12485509.0,93249.0,164623.0,513.0,1.45,65739470.0
385,IND,India,2021-04-04,12589067.0,103558.0,165101.0,478.0,1.47,68678838.0
386,IND,India,2021-04-05,12686049.0,96982.0,165547.0,446.0,1.48,72277309.0
387,IND,India,2021-04-06,12801785.0,115736.0,166177.0,630.0,1.48,75937015.0
388,IND,India,2021-04-07,12928574.0,126789.0,166862.0,685.0,1.48,78763027.0
389,IND,India,2021-04-08,13060542.0,131968.0,167642.0,780.0,1.48,82456522.0
390,IND,India,2021-04-09,13205926.0,145384.0,168436.0,794.0,1.49,85763852.0
391,IND,India,2021-04-10,13358805.0,152879.0,169275.0,839.0,1.49,88885961.0
392,IND,India,2021-04-11,13527717.0,168912.0,170179.0,904.0,1.49,91587400.0
393,IND,India,2021-04-12,13689453.0,161736.0,171058.0,879.0,1.49,95043039.0
394,IND,India,2021-04-13,13873825.0,184372.0,172085.0,1027.0,1.49,97301914.0
395,IND,India,2021-04-14,14074564.0,200739.0,173123.0,1038.0,1.48,100179199.0
396,IND,India,2021-04-15,14291917.0,217353.0,174308.0,1185.0,1.48,102349255.0
397,IND,India,2021-04-16,14526609.0,234692.0,175649.0,1341.0,1.48,104408484.0
398,IND,India,2021-04-17,14788003.0,261394.0,177150.0,1501.0,1.47,106431076.0
399,IND,India,2021-04-18,15061805.0,273802.0,178769.0,1619.0,1.46,107371770.0
400,IND,India,2021-04-19,15320972.0,259167.0,180530.0,1761.0,1.45,109659181.0
401,IND,India,2021-04-20,15616130.0,295158.0,182553.0,2023.0,1.43,
402,IND,India,2021-04-21,15930774.0,314644.0,184657.0,2104.0,1.41,111673361.0
403,IND,India,2021-04-22,16263695.0,332921.0,186920.0,2263.0,1.38,113584269.0
404,IND,India,2021-04-23,16610481.0,346786.0,189544.0,2624.0,1.36,
405,IND,India,2021-04-24,16960172.0,349691.0,192311.0,2767.0,1.34,
406,IND,India,2021-04-25,17313163.0,352991.0,195123.0,2812.0,1.31,117795008.0
407,IND,India,2021-04-26,17636186.0,323023.0,197894.0,2771.0,1.29,119886252.0
408,IND,India,2021-04-27,17997113.0,360927.0,201187.0,3293.0,1.26,121263287.0
409,IND,India,2021-04-28,18376421.0,379308.0,204832.0,3645.0,1.24,122538179.0
410,IND,India,2021-04-29,18762976.0,386555.0,208330.0,3498.0,1.22,123811908.0
411,IND,India,2021-04-30,19164969.0,401993.0,211853.0,3523.0,1.19,125376952.0
412,IND,India,2021-05-01,19557457.0,392488.0,215542.0,3689.0,1.17,126328970.0
413,IND,India,2021-05-02,19925517.0,368060.0,218959.0,3417.0,1.15,126704151.0
414,IND,India,2021-05-03,20282833.0,357316.0,222408.0,3449.0,1.14,127696675.0
415,IND,India,2021-05-04,20664979.0,382146.0,226188.0,3780.0,1.12,128627919.0
416,IND,India,2021-05-05,21077410.0,412431.0,230168.0,3980.0,1.1,129730641.0
417,IND,India,2021-05-06,21491598.0,414188.0,234083.0,3915.0,1.08,131058890.0
418,IND,India,2021-05-07,21892676.0,401078.0,238270.0,4187.0,1.06,132294827.0
419,IND,India,2021-05-08,22296081.0,403405.0,242347.0,4077.0,1.03,133366482.0
420,IND,India,2021-05-09,22662575.0,366494.0,246116.0,3769.0,1.01,133854676.0
421,IND,India,2021-05-10,22992517.0,329942.0,249992.0,3876.0,0.99,135192013.0
422,IND,India,2021-05-11,23340938.0,348421.0,254197.0,4205.0,0.96,136557345.0
423,IND,India,2021-05-12,23703665.0,362727.0,258317.0,4120.0,0.94,137805245.0
424,IND,India,2021-05-13,24046809.0,343144.0,262317.0,4000.0,0.92,139087590.0
425,IND,India,2021-05-14,24372907.0,326098.0,266207.0,3890.0,0.9,139861462.0
426,IND,India,2021-05-15,24684077.0,311170.0,270284.0,4077.0,0.88,141132112.0
427,IND,India,2021-05-16,24965463.0,281386.0,274390.0,4106.0,0.87,141764335.0
428,IND,India,2021-05-17,25228996.0,263533.0,278719.0,4329.0,0.85,143090218.0
429,IND,India,2021-05-18,25496330.0,267334.0,283248.0,4529.0,0.84,144270200.0
430,IND,India,2021-05-19,25772440.0,276110.0,287122.0,3874.0,0.82,145333606.0
431,IND,India,2021-05-20,26031991.0,259551.0,291331.0,4209.0,0.81,146624652.0
432,IND,India,2021-05-21,26289290.0,257299.0,295525.0,4194.0,0.8,
433,IND,India,2021-05-22,26530132.0,240842.0,299266.0,3741.0,0.79,149219616.0
434,IND,India,2021-05-23,26752447.0,222315.0,303720.0,4454.0,0.78,150033188.0
435,IND,India,2021-05-24,26948874.0,196427.0,307231.0,3511.0,0.77,152301505.0
436,IND,India,2021-05-25,27157795.0,208921.0,311388.0,4157.0,0.76,153511379.0
437,IND,India,2021-05-26,27369093.0,211298.0,315235.0,3847.0,0.75,156189641.0
438,IND,India,2021-05-27,27555457.0,186364.0,318895.0,3660.0,0.73,158783606.0
439,IND,India,2021-05-28,27729247.0,173790.0,322512.0,3617.0,0.72,160605562.0
440,IND,India,2021-05-29,27894800.0,165553.0,325972.0,3460.0,0.71,164158704.0
441,IND,India,2021-05-30,28047534.0,152734.0,329100.0,3128.0,0.71,165598013.0
442,IND,India,2021-05-31,28175044.0,127510.0,331895.0,2795.0,0.7,167191085.0
443,IND,India,2021-06-01,28307832.0,132788.0,335102.0,3207.0,0.69,169585180.0
444,IND,India,2021-06-02,28441986.0,134154.0,337989.0,2887.0,0.68,171866824.0
445,IND,India,2021-06-03,28574350.0,132364.0,340702.0,2713.0,0.68,174296917.0
446,IND,India,2021-06-04,28694879.0,120529.0,344082.0,3380.0,0.67,179172948.0
447,IND,India,2021-06-05,28809339.0,114460.0,346759.0,2677.0,0.67,180972102.0
448,IND,India,2021-06-06,28909975.0,100636.0,349186.0,2427.0,0.67,183275704.0
449,IND,India,2021-06-07,28996473.0,86498.0,351309.0,2123.0,0.67,185501579.0
450,IND,India,2021-06-08,29089069.0,92596.0,353528.0,2219.0,0.66,188363894.0
451,IND,India,2021-06-09,29182532.0,93463.0,355705.0,2177.0,0.66,191222380.0
452,IND,India,2021-06-11,29359155.0,84332.0,367081.0,4002.0,0.66,197415653.0
453,IND,India,2021-06-12,29439989.0,80834.0,370384.0,3303.0,0.66,199655293.0
454,IND,India,2021-06-13,29510410.0,70421.0,374305.0,3921.0,0.67,202572835.0
455,IND,India,2021-06-14,29570881.0,60471.0,377031.0,2726.0,0.67,205571046.0
456,IND,India,2021-06-15,29633105.0,62224.0,379573.0,2542.0,0.67,207830971.0
457,IND,India,2021-06-16,29700313.0,67208.0,381903.0,2330.0,0.67,210442950.0
458,IND,India,2021-06-17,29762793.0,62480.0,383490.0,1587.0,0.68,214553189.0
459,IND,India,2021-06-18,29823546.0,60753.0,385137.0,1647.0,0.68,217542993.0
460,IND,India,2021-06-19,29881772.0,58226.0,386708.0,1571.0,0.69,221493259.0
461,IND,India,2021-06-20,29935221.0,53449.0,388135.0,1427.0,0.7,224541283.0
462,IND,India,2021-06-21,29977861.0,42640.0,389302.0,1167.0,0.71,232744813.0
463,IND,India,2021-06-22,30028709.0,50848.0,390660.0,1358.0,0.72,238586187.0
464,IND,India,2021-06-23,30082778.0,54069.0,391981.0,1321.0,0.73,241720520.0
465,IND,India,2021-06-24,30134445.0,51667.0,393310.0,1329.0,0.74,247652194.0
466,IND,India,2021-06-25,30183143.0,48698.0,394493.0,1183.0,0.75,253359907.0
467,IND,India,2021-06-26,30233183.0,50040.0,395751.0,1258.0,0.77,260253182.0
468,IND,India,2021-06-27,30279331.0,46148.0,396730.0,979.0,0.78,262916313.0
469,IND,India,2021-06-28,30316897.0,37566.0,397637.0,907.0,0.79,265545768.0
470,IND,India,2021-06-29,30362848.0,45951.0,398454.0,817.0,0.8,270178001.0
471,IND,India,2021-06-30,30411634.0,48786.0,399459.0,1005.0,0.81,271410023.0
472,IND,India,2021-07-01,30458251.0,46617.0,400312.0,853.0,0.82,275693081.0
473,IND,India,2021-07-02,30502362.0,44111.0,401050.0,738.0,0.83,276339011.0
474,IND,India,2021-07-03,30545433.0,43071.0,402005.0,955.0,0.84,282231365.0
475,IND,India,2021-07-04,30585229.0,39796.0,402728.0,723.0,0.85,284455266.0
476,IND,India,2021-07-05,30619932.0,34703.0,403281.0,553.0,0.86,286751758.0
477,IND,India,2021-07-06,30663665.0,43733.0,404211.0,930.0,0.87,288782557.0
478,IND,India,2021-07-07,30709557.0,45892.0,405028.0,817.0,0.88,291184757.0
479,IND,India,2021-07-08,30752950.0,43393.0,405939.0,911.0,0.89,298678913.0
480,IND,India,2021-07-09,30795716.0,42766.0,407145.0,1206.0,0.89,
481,IND,India,2021-07-10,30837222.0,41506.0,408040.0,895.0,0.9,303171498.0
482,IND,India,2021-07-11,30874376.0,37154.0,408764.0,724.0,0.9,304018852.0
483,IND,India,2021-07-12,30907282.0,32906.0,410784.0,2020.0,0.91,306612781.0
484,IND,India,2021-07-13,30946147.0,38865.0,411406.0,622.0,0.91,311387539.0
485,IND,India,2021-07-14,30987880.0,41733.0,411989.0,583.0,0.91,313529502.0
486,IND,India,2021-07-15,31026829.0,38949.0,412531.0,542.0,0.92,316116189.0
487,IND,India,2021-07-16,31064908.0,38079.0,413091.0,560.0,0.93,318665226.0
488,IND,India,2021-07-17,31106065.0,41157.0,413609.0,518.0,0.94,321893762.0
489,IND,India,2021-07-18,31144229.0,38164.0,414108.0,499.0,0.95,
490,IND,India,2021-07-19,31174322.0,30093.0,414482.0,374.0,0.95,326392783.0
491,IND,India,2021-07-20,31216337.0,42015.0,418480.0,3998.0,0.96,328716212.0
492,IND,India,2021-07-21,31257720.0,41383.0,418987.0,507.0,0.96,330259212.0
493,IND,India,2021-07-22,31293062.0,35342.0,419470.0,483.0,0.96,333945151.0
494,IND,India,2021-07-23,31332159.0,39097.0,420016.0,546.0,0.97,336819816.0
495,IND,India,2021-07-24,31371901.0,39742.0,420551.0,535.0,0.98,340387695.0
496,IND,India,2021-07-25,31411262.0,39361.0,420967.0,416.0,0.99,341802707.0
497,IND,India,2021-07-26,31440951.0,29689.0,421382.0,415.0,1.0,346516149.0
498,IND,India,2021-07-27,31484605.0,43654.0,422022.0,640.0,1.01,349324061.0
499,IND,India,2021-07-28,31528114.0,43509.0,422662.0,640.0,1.01,352545271.0
500,IND,India,2021-07-29,31572344.0,44230.0,423217.0,555.0,1.01,356140739.0
501,IND,India,2021-07-30,31613993.0,41649.0,423810.0,593.0,1.01,359820313.0
502,IND,India,2021-07-31,31655824.0,41831.0,424351.0,541.0,1.01,
503,IND,India,2021-08-01,31695958.0,40134.0,424773.0,422.0,1.01,367994586.0
504,IND,India,2021-08-02,31726507.0,30549.0,425195.0,422.0,1.0,
505,IND,India,2021-08-03,31769132.0,42625.0,425757.0,562.0,1.0,378090597.0
506,IND,India,2021-08-04,31812114.0,42982.0,426290.0,533.0,0.99,381126275.0
507,IND,India,2021-08-05,31856757.0,44643.0,426754.0,464.0,0.99,385631050.0
508,IND,India,2021-08-06,31895385.0,38628.0,427371.0,617.0,0.98,390041560.0
509,IND,India,2021-08-07,31934455.0,39070.0,427862.0,491.0,0.97,394378151.0
510,IND,India,2021-08-08,31969954.0,35499.0,428309.0,447.0,0.96,395667593.0
511,IND,India,2021-08-09,31998158.0,28204.0,428682.0,373.0,0.96,400158057.0
512,IND,India,2021-08-10,32036511.0,38353.0,429179.0,497.0,0.96,403596088.0
513,IND,India,2021-08-11,32077706.0,41195.0,429669.0,490.0,0.96,406980329.0
514,IND,India,2021-08-12,32117826.0,40120.0,430254.0,585.0,0.96,
515,IND,India,2021-08-13,32156493.0,38667.0,430732.0,478.0,0.95,416846115.0
516,IND,India,2021-08-14,32192576.0,36083.0,431225.0,493.0,0.95,422575401.0
517,IND,India,2021-08-15,32225513.0,32937.0,431642.0,417.0,0.94,
518,IND,India,2021-08-16,32250679.0,25166.0,432079.0,437.0,0.94,428681772.0
519,IND,India,2021-08-17,32285857.0,35178.0,432519.0,440.0,0.94,433454974.0
520,IND,India,2021-08-18,32322258.0,36401.0,433049.0,530.0,0.95,437698591.0
521,IND,India,2021-08-19,32358829.0,36571.0,433589.0,540.0,0.95,441116044.0
522,IND,India,2021-08-20,32393286.0,34457.0,433964.0,375.0,0.96,446102199.0
523,IND,India,2021-08-21,32424234.0,30948.0,434367.0,403.0,0.97,448292884.0
524,IND,India,2021-08-22,32449306.0,25072.0,434756.0,389.0,0.98,451186857.0
525,IND,India,2021-08-23,32474773.0,25467.0,435110.0,354.0,1.01,452207578.0
526,IND,India,2021-08-24,32512366.0,37593.0,435758.0,648.0,1.05,456880623.0
527,IND,India,2021-08-25,32558530.0,46164.0,436365.0,607.0,1.08,463341344.0
528,IND,India,2021-08-26,32603188.0,44658.0,436861.0,496.0,1.09,468130627.0
529,IND,India,2021-08-27,32649947.0,46759.0,437370.0,509.0,1.1,476059071.0
530,IND,India,2021-08-28,32695030.0,45083.0,437830.0,460.0,1.09,483512657.0
531,IND,India,2021-08-29,32737939.0,42909.0,438210.0,380.0,1.08,488153607.0
532,IND,India,2021-08-30,32768880.0,30941.0,438560.0,350.0,1.07,493077195.0
533,IND,India,2021-08-31,32810845.0,41965.0,439020.0,460.0,1.06,497002083.0
534,IND,India,2021-09-01,32857937.0,47092.0,439529.0,509.0,1.05,509668131.0
535,IND,India,2021-09-02,32903289.0,45352.0,439895.0,366.0,1.03,515627968.0
536,IND,India,2021-09-03,32945907.0,42618.0,440225.0,330.0,1.01,519667854.0
537,IND,India,2021-09-04,32988673.0,42766.0,440533.0,308.0,1.0,521015869.0
538,IND,India,2021-09-05,33027621.0,38948.0,440752.0,219.0,0.98,525319361.0
539,IND,India,2021-09-06,33058843.0,31222.0,441042.0,290.0,0.96,527862293.0
540,IND,India,2021-09-07,33096718.0,37875.0,441411.0,369.0,0.94,536004002.0
541,IND,India,2021-09-08,33139981.0,43263.0,441749.0,338.0,0.92,543462433.0
542,IND,India,2021-09-09,33174954.0,34973.0,442009.0,260.0,0.9,550694661.0
543,IND,India,2021-09-10,33208330.0,33376.0,442317.0,308.0,0.89,552964723.0
544,IND,India,2021-09-11,33236921.0,28591.0,442655.0,338.0,0.88,558984568.0
545,IND,India,2021-09-12,33264175.0,27254.0,442874.0,219.0,0.87,563337272.0
546,IND,India,2021-09-13,33289579.0,25404.0,443213.0,339.0,0.88,570046655.0
547,IND,India,2021-09-14,33316755.0,27176.0,443497.0,284.0,0.88,571662310.0
548,IND,India,2021-09-15,33347325.0,30570.0,443928.0,431.0,0.89,576856263.0
549,IND,India,2021-09-16,33381728.0,34403.0,444248.0,320.0,0.9,582842108.0
550,IND,India,2021-09-17,33417390.0,35662.0,444529.0,281.0,0.91,586105233.0
551,IND,India,2021-09-18,33448163.0,30773.0,444838.0,309.0,0.92,597205296.0
552,IND,India,2021-09-19,33478419.0,30256.0,445133.0,295.0,0.92,602206789.0
553,IND,India,2021-09-20,33504534.0,26115.0,445385.0,252.0,0.91,606563237.0
554,IND,India,2021-09-21,33531498.0,26964.0,445768.0,383.0,0.91,612360533.0
555,IND,India,2021-09-22,33563421.0,31923.0,446050.0,282.0,0.9,615659928.0
556,IND,India,2021-09-23,33594803.0,31382.0,446368.0,318.0,0.9,621209052.0
557,IND,India,2021-09-24,33624419.0,29616.0,446658.0,290.0,0.89,627322598.0
558,IND,India,2021-09-25,33652745.0,28326.0,446918.0,260.0,0.88,629574531.0
559,IND,India,2021-09-26,33678786.0,26041.0,447194.0,276.0,0.87,631601656.0
560,IND,India,2021-09-27,33697581.0,18795.0,447373.0,179.0,0.85,639303166.0
561,IND,India,2021-09-28,33716451.0,18870.0,447751.0,378.0,0.84,641845931.0
562,IND,India,2021-09-29,33739980.0,23529.0,448062.0,311.0,0.84,645293313.0
563,IND,India,2021-09-30,33766707.0,26727.0,448339.0,277.0,0.85,648949043.0
564,IND,India,2021-10-01,33791061.0,24354.0,448573.0,234.0,0.85,652744197.0
565,IND,India,2021-10-02,33813903.0,22842.0,448817.0,244.0,0.85,656956299.0
566,IND,India,2021-10-03,33834702.0,20799.0,448997.0,180.0,0.85,659744381.0
567,IND,India,2021-10-04,33853048.0,18346.0,449260.0,263.0,0.85,662266667.0
568,IND,India,2021-10-05,33871881.0,18833.0,449538.0,278.0,0.84,666078231.0
569,IND,India,2021-10-06,33894312.0,22431.0,449856.0,318.0,0.84,668975929.0
570,IND,India,2021-10-07,33915569.0,21257.0,450127.0,271.0,0.84,670864526.0
571,IND,India,2021-10-08,33935309.0,19740.0,450375.0,248.0,0.84,675161305.0
572,IND,India,2021-10-09,33953475.0,18166.0,450589.0,214.0,0.84,679245181.0
573,IND,India,2021-10-10,33971607.0,18132.0,450782.0,193.0,0.84,683498355.0
574,IND,India,2021-10-11,33985920.0,14313.0,450963.0,181.0,0.84,685337489.0
575,IND,India,2021-10-12,34001743.0,15823.0,451189.0,226.0,0.83,688686928.0
576,IND,India,2021-10-13,34020730.0,18987.0,451435.0,246.0,0.83,690968314.0
577,IND,India,2021-10-14,34037592.0,16862.0,451814.0,379.0,0.83,692134805.0
578,IND,India,2021-10-15,34053573.0,15981.0,451980.0,166.0,0.84,693416137.0
579,IND,India,2021-10-16,34067719.0,14146.0,452124.0,144.0,0.84,693992112.0
580,IND,India,2021-10-17,34081315.0,13596.0,452290.0,166.0,0.85,695536360.0
581,IND,India,2021-10-18,34094373.0,13058.0,452454.0,164.0,0.87,696638920.0
582,IND,India,2021-10-19,34108996.0,14623.0,452651.0,197.0,0.88,700140298.0
583,IND,India,2021-10-20,34127450.0,18454.0,452811.0,160.0,0.89,705846235.0
584,IND,India,2021-10-21,34143236.0,15786.0,453042.0,231.0,0.89,709552033.0
585,IND,India,2021-10-22,34159562.0,16326.0,453708.0,666.0,0.9,712404590.0
586,IND,India,2021-10-23,34175468.0,15906.0,454269.0,561.0,0.91,714084133.0
587,IND,India,2021-10-24,34189774.0,14306.0,454712.0,443.0,0.9,717676310.0
588,IND,India,2021-10-25,34202202.0,12428.0,455068.0,356.0,0.9,718444141.0
589,IND,India,2021-10-26,34215653.0,13451.0,455653.0,585.0,0.9,721149084.0
590,IND,India,2021-10-27,34231809.0,16156.0,456386.0,733.0,0.89,723424864.0
591,IND,India,2021-10-28,34246157.0,14348.0,457191.0,805.0,0.89,725633405.0
592,IND,India,2021-10-29,34260470.0,14313.0,457740.0,549.0,0.89,729199887.0
593,IND,India,2021-10-30,34273300.0,12830.0,458186.0,446.0,0.88,731811996.0
594,IND,India,2021-10-31,34285814.0,12514.0,458437.0,251.0,0.88,733542729.0
595,IND,India,2021-11-01,34296237.0,10423.0,458880.0,443.0,0.88,735580368.0
596,IND,India,2021-11-02,34308140.0,11903.0,459191.0,311.0,0.88,736446575.0
597,IND,India,2021-11-03,34321025.0,12885.0,459652.0,461.0,0.88,738501950.0
598,IND,India,2021-11-04,34333754.0,12729.0,459873.0,221.0,0.88,739357801.0
599,IND,India,2021-11-05,34344683.0,10929.0,460265.0,392.0,0.88,739594039.0
600,IND,India,2021-11-06,34355509.0,10826.0,460791.0,526.0,0.89,740368395.0
601,IND,India,2021-11-07,34366987.0,11478.0,461057.0,266.0,0.9,741210655.0
602,IND,India,2021-11-08,34377113.0,10126.0,461389.0,332.0,0.91,742750155.0
603,IND,India,2021-11-09,34388579.0,11466.0,461849.0,460.0,0.92,743984381.0
604,IND,India,2021-11-10,34401670.0,13091.0,462189.0,340.0,0.92,745597244.0
605,IND,India,2021-11-11,34414186.0,12516.0,462690.0,501.0,0.92,746872225.0
606,IND,India,2021-11-12,34426036.0,11850.0,463245.0,555.0,0.92,749179463.0
607,IND,India,2021-11-13,34437307.0,11271.0,463530.0,285.0,0.92,751481608.0
608,IND,India,2021-11-14,34447536.0,10229.0,463655.0,125.0,0.91,752662221.0
609,IND,India,2021-11-15,34456401.0,8865.0,463852.0,197.0,0.91,753932806.0
610,IND,India,2021-11-16,34466598.0,10197.0,464153.0,301.0,0.91,756052687.0
611,IND,India,2021-11-17,34478517.0,11919.0,464623.0,470.0,0.91,758251605.0
612,IND,India,2021-11-18,34489623.0,11106.0,465082.0,459.0,0.9,760532284.0
613,IND,India,2021-11-19,34499925.0,10302.0,465349.0,267.0,0.9,762169283.0
614,IND,India,2021-11-20,34510413.0,10488.0,465662.0,313.0,0.9,765364845.0
615,IND,India,2021-11-21,34518901.0,8488.0,465911.0,249.0,0.89,766988022.0
616,IND,India,2021-11-22,34526480.0,7579.0,466147.0,236.0,0.89,769596553.0
617,IND,India,2021-11-23,34535763.0,9283.0,466584.0,437.0,0.89,772215710.0
618,IND,India,2021-11-24,34544882.0,9119.0,466980.0,396.0,0.89,775076432.0
619,IND,India,2021-11-25,34555431.0,10549.0,467468.0,488.0,0.89,776515911.0
620,IND,India,2021-11-26,34563749.0,8318.0,467933.0,465.0,0.9,780551005.0
621,IND,India,2021-11-27,34572523.0,8774.0,468554.0,621.0,0.9,781075743.0
622,IND,India,2021-11-28,34580832.0,8309.0,468790.0,236.0,0.9,784647922.0
623,IND,India,2021-11-29,34587822.0,6990.0,468980.0,190.0,0.92,786355397.0
624,IND,India,2021-11-30,34596776.0,8954.0,469247.0,267.0,0.93,789054196.0
625,IND,India,2021-12-01,34606541.0,9765.0,469724.0,477.0,0.92,791626543.0
626,IND,India,2021-12-02,34615757.0,9216.0,470115.0,391.0,0.93,794528313.0
627,IND,India,2021-12-03,34624360.0,8603.0,470530.0,415.0,0.93,796283823.0
628,IND,India,2021-12-04,34624360.0,0.0,470530.0,0.0,0.94,799745524.0
629,IND,India,2021-12-05,34641561.0,17201.0,473537.0,3007.0,0.99,801417375.0
630,IND,India,2021-12-06,34648383.0,6822.0,473757.0,220.0,0.98,802894059.0
631,IND,India,2021-12-07,34656822.0,8439.0,473952.0,195.0,0.97,805404596.0
632,IND,India,2021-12-08,34666241.0,9419.0,474111.0,159.0,0.95,807755550.0
633,IND,India,2021-12-09,34674643.0,8402.0,474479.0,368.0,0.94,810142506.0
634,IND,India,2021-12-10,34682633.0,7990.0,474872.0,393.0,0.93,811443992.0
635,IND,India,2021-12-11,34690510.0,7877.0,475434.0,562.0,0.92,815387998.0
636,IND,India,2021-12-12,34697860.0,7350.0,475636.0,202.0,0.91,816708250.0
637,IND,India,2021-12-13,34703644.0,5784.0,475888.0,252.0,0.92,817907560.0
638,IND,India,2021-12-14,34710628.0,6984.0,476135.0,247.0,0.92,820963910.0
639,IND,India,2021-12-15,34718602.0,7974.0,476478.0,343.0,0.91,822545653.0
640,IND,India,2021-12-16,34726049.0,7447.0,476869.0,391.0,0.92,823451038.0
641,IND,India,2021-12-17,34726049.0,0.0,476869.0,0.0,0.92,825531190.0
642,IND,India,2021-12-18,34733194.0,7145.0,477158.0,289.0,0.99,827368472.0
643,IND,India,2021-12-19,34746838.0,13644.0,477554.0,396.0,1.05,828319595.0
644,IND,India,2021-12-20,34752164.0,5326.0,478007.0,453.0,1.06,829219869.0
645,IND,India,2021-12-21,34758481.0,6317.0,478325.0,318.0,1.07,831142523.0
646,IND,India,2021-12-22,34765976.0,7495.0,478759.0,434.0,1.08,831763875.0
647,IND,India,2021-12-23,34772626.0,6650.0,479133.0,374.0,1.12,833265701.0
648,IND,India,2021-12-24,34779815.0,7189.0,479520.0,387.0,1.17,834737784.0
649,IND,India,2021-12-25,34786802.0,6987.0,479682.0,162.0,1.24,837078735.0
650,IND,India,2021-12-26,34793333.0,6531.0,479997.0,315.0,1.33,837294288.0
651,IND,India,2021-12-27,34799691.0,6358.0,480290.0,293.0,1.45,838318164.0
652,IND,India,2021-12-28,34808886.0,9195.0,480592.0,302.0,1.59,840095473.0
653,IND,India,2021-12-29,34822040.0,13154.0,480860.0,268.0,1.74,842315450.0
654,IND,India,2021-12-30,34838804.0,16764.0,481080.0,220.0,1.9,843220793.0
655,IND,India,2021-12-31,34861579.0,22775.0,481486.0,406.0,2.06,845640601.0
656,IND,India,2022-01-01,34889132.0,27553.0,481770.0,284.0,2.19,846975771.0
657,IND,India,2022-01-02,34922882.0,33750.0,481893.0,123.0,2.31,847665306.0
658,IND,India,2022-01-03,34960261.0,37379.0,482017.0,124.0,2.42,852570971.0
659,IND,India,2022-01-04,35018358.0,58097.0,482551.0,534.0,2.52,857788520.0
660,IND,India,2022-01-05,35109286.0,90928.0,482876.0,325.0,2.57,864466425.0
661,IND,India,2022-01-06,35226386.0,117100.0,483178.0,302.0,2.58,871088714.0
662,IND,India,2022-01-07,35368372.0,141986.0,483463.0,285.0,2.52,879625063.0
663,IND,India,2022-01-08,35528004.0,159632.0,483790.0,327.0,2.45,880930714.0
664,IND,India,2022-01-09,35707727.0,179723.0,483936.0,146.0,2.35,886204082.0
665,IND,India,2022-01-10,35875790.0,168063.0,484213.0,277.0,2.25,889459819.0
666,IND,India,2022-01-11,35875790.0,0.0,484213.0,0.0,2.16,895852039.0
667,IND,India,2022-01-12,36317927.0,442137.0,485035.0,822.0,2.18,898710263.0
668,IND,India,2022-01-13,36317927.0,0.0,485131.0,96.0,2.06,903038624.0
669,IND,India,2022-01-14,36850962.0,533035.0,485752.0,621.0,2.05,904086765.0
670,IND,India,2022-01-15,37122164.0,271202.0,486066.0,314.0,1.9,908005349.0
671,IND,India,2022-01-16,37380253.0,258089.0,486451.0,385.0,1.77,910386043.0
672,IND,India,2022-01-17,37618271.0,238018.0,486761.0,310.0,1.66,912552134.0
673,IND,India,2022-01-18,37901241.0,282970.0,487202.0,441.0,1.58,912567911.0
674,IND,India,2022-01-19,38218773.0,317532.0,487693.0,491.0,1.47,919059606.0
675,IND,India,2022-01-20,38566027.0,347254.0,488396.0,703.0,1.42,922087216.0
676,IND,India,2022-01-21,38903731.0,337704.0,488884.0,488.0,1.34,925500152.0
677,IND,India,2022-01-22,39237264.0,333533.0,489409.0,525.0,1.28,928133309.0
678,IND,India,2022-01-23,39543328.0,306064.0,489848.0,439.0,1.22,929971622.0
679,IND,India,2022-01-24,39799202.0,255874.0,490462.0,614.0,1.16,930359898.0
680,IND,India,2022-01-25,40085116.0,285914.0,491127.0,665.0,1.09,932606511.0
681,IND,India,2022-01-26,40371500.0,286384.0,491700.0,573.0,1.01,934468791.0
682,IND,India,2022-01-27,40622709.0,251209.0,492327.0,627.0,0.96,935294849.0
683,IND,India,2022-01-28,40858241.0,235532.0,493198.0,871.0,0.91,937107027.0
684,IND,India,2022-01-29,41092522.0,234281.0,494091.0,893.0,0.88,938645671.0
685,IND,India,2022-01-30,41302440.0,209918.0,495050.0,959.0,0.84,940755706.0
686,IND,India,2022-01-31,41469499.0,167059.0,496242.0,1192.0,0.81,943027714.0
687,IND,India,2022-02-01,41630885.0,161386.0,497975.0,1733.0,0.76,944749420.0
688,IND,India,2022-02-02,41803318.0,172433.0,498983.0,1008.0,0.71,946259127.0
689,IND,India,2022-02-03,41952712.0,149394.0,500055.0,1072.0,0.68,947341172.0
690,IND,India,2022-02-04,42080664.0,127952.0,501114.0,1059.0,0.65,948717449.0
691,IND,India,2022-02-05,42188138.0,107474.0,501979.0,865.0,0.64,950308975.0
692,IND,India,2022-02-06,42272014.0,83876.0,502874.0,895.0,0.63,951213177.0
693,IND,India,2022-02-09,42478060.0,67084.0,506520.0,1241.0,0.63,954257234.0
694,IND,India,2022-02-09,42478060.0,67084.0,506520.0,1241.0,0.63,954257234.0
695,IND,India,2022-02-10,42478060.0,67084.0,506520.0,1241.0,0.54,954313669.0
696,IND,India,2022-02-11,42586544.0,50407.0,507981.0,804.0,0.54,956363985.0
697,IND,India,2022-02-12,42631421.0,44877.0,508665.0,684.0,0.5,957047881.0
698,IND,India,2022-02-13,42632513.0,1092.0,508673.0,8.0,0.43,958033046.0
699,IND,India,2022-02-14,42692943.0,27409.0,509358.0,347.0,0.43,958462316.0
700,IND,India,2022-02-15,42693859.0,916.0,509369.0,11.0,0.42,959602131.0
701,IND,India,2022-02-17,42780235.0,25920.0,510905.0,492.0,0.42,961022242.0
702,IND,India,2022-02-18,42802505.0,22270.0,511230.0,325.0,0.41,961693778.0
703,IND,India,2022-02-19,42802505.0,22270.0,511230.0,325.0,0.35,
