Province_State,Country_Region,Last_Update,Confirmed,Deaths,Recovered,Active,New Cases,New Deaths
Gujarat,India,2020-06-11 03:33:41,21014,1313,14365,5336.0,46685.0,1270.0
Gujarat,India,2020-06-12 05:09:52,22032,1385,15101,5546.0,30445.0,867.0
Gujarat,India,2020-06-13 03:33:14,22032,1385,15101,5546.0,231129.0,2965.0
Gujarat,India,2020-06-14 03:33:15,22527,1415,15493,5619.0,12073.0,489.0
Gujarat,India,2020-06-15 03:33:14,23038,1448,15883,5707.0,801459.0,8628.0
Gujarat,India,2020-06-16 04:33:09,24055,1505,16664,5886.0,802729.0,8585.0
Gujarat,India,2020-06-17 04:33:21,24577,1533,17082,5962.0,746870.0,7807.0
Gujarat,India,2020-06-18 04:33:18,25093,1560,17430,6103.0,16727.0,485.0
Gujarat,India,2020-06-19 04:33:17,25601,1591,17819,6191.0,632435.0,6563.0
Gujarat,India,2020-06-20 04:33:19,26141,1618,18159,6364.0,172758.0,2258.0
Gujarat,India,2020-06-21 04:33:19,26680,1638,18694,6348.0,49800.0,1108.0
Gujarat,India,2020-06-22 04:33:20,27260,1663,19349,6248.0,45903.0,1032.0
Gujarat,India,2020-06-23 04:33:22,27825,1684,19909,6232.0,799610.0,8408.0
Gujarat,India,2020-06-24 04:33:28,28371,1710,20513,6148.0,791950.0,8287.0
Gujarat,India,2020-06-25 05:26:54,28943,1735,21088,6120.0,39825.0,870.0
Gujarat,India,2020-06-26 04:33:43,29520,1753,21498,6269.0,283228.0,2786.0
Gujarat,India,2020-06-27 04:33:35,30095,1771,22030,6294.0,270771.0,2721.0
Gujarat,India,2020-06-28 04:34:04,30709,1789,22409,6511.0,-8677.0,-404.0
Gujarat,India,2020-06-29 04:33:44,31320,1808,22800,6712.0,50622.0,1029.0
Gujarat,India,2020-06-30 04:33:48,31938,1827,23240,6871.0,234883.0,2577.0
Gujarat,India,2020-07-01 04:33:52,32557,1846,23662,7049.0,16796.0,316.0
Gujarat,India,2020-07-02 04:33:46,33232,1867,24030,7335.0,786144.0,8118.0
Gujarat,India,2020-07-03 04:33:54,33913,1886,24593,7434.0,-11386.0,-471.0
Gujarat,India,2020-07-04 04:33:51,34600,1904,24933,7763.0,120336.0,1691.0
Gujarat,India,2020-07-05 04:33:46,35312,1925,25406,7981.0,790560.0,8157.0
Gujarat,India,2020-07-06 04:33:57,36037,1943,25892,8202.0,792757.0,8163.0
Gujarat,India,2020-07-07 04:34:00,36772,1960,26315,8497.0,776498.0,7930.0
Gujarat,India,2020-07-08 05:33:48,37550,1977,26720,8853.0,40009.0,788.0
Gujarat,India,2020-07-09 04:34:23,38333,1993,27289,9051.0,221887.0,2389.0
Gujarat,India,2020-07-10 04:34:24,39194,2008,27718,9468.0,71615.0,1172.0
Gujarat,India,2020-07-11 04:34:26,40069,2022,28147,9900.0,258527.0,2462.0
Gujarat,India,2020-07-12 04:34:30,40941,2032,28649,10260.0,87846.0,1349.0
Gujarat,India,2020-07-13 04:43:04,41820,2045,29162,10613.0,783977.0,8037.0
Gujarat,India,2020-07-14 04:34:46,42722,2055,29770,10897.0,-17629.0,-495.0
Gujarat,India,2020-07-15 04:34:39,43637,2069,30503,11065.0,176531.0,2026.0
Gujarat,India,2020-07-16 04:44:59,44552,2079,31286,11187.0,103237.0,1459.0
Gujarat,India,2020-07-17 04:34:50,45481,2089,32103,11289.0,70702.0,1155.0
Gujarat,India,2020-07-18 04:34:45,46430,2106,32973,11351.0,779097.0,7976.0
Gujarat,India,2020-07-19 04:34:58,47390,2122,34035,11233.0,705229.0,6999.0
Gujarat,India,2020-07-20 05:34:40,48355,2142,34901,11312.0,206999.0,2221.0
Gujarat,India,2020-07-21 04:38:46,49353,2162,35678,11513.0,44381.0,827.0
Gujarat,India,2020-07-22 04:34:42,50379,2196,36423,11760.0,-17822.0,-350.0
Gujarat,India,2020-07-23 05:15:04,51399,2224,37260,11915.0,-28361.0,-776.0
Gujarat,India,2020-07-24 05:30:40,52477,2252,37978,12247.0,112594.0,1421.0
Gujarat,India,2020-07-25 04:47:39,53545,2278,38849,12418.0,20773.0,435.0
Gujarat,India,2020-07-26 04:35:00,54626,2300,39631,12695.0,20782.0,431.0
Gujarat,India,2020-07-27 04:35:02,55822,2326,40365,13131.0,5616.0,115.0
Gujarat,India,2020-07-28 04:58:43,56874,2348,41380,13146.0,767770.0,7728.0
Gujarat,India,2020-07-29 04:35:11,56874,2348,41380,13146.0,-35860.0,-1035.0
Gujarat,India,2020-07-30 04:35:05,59126,2396,43195,13535.0,766056.0,7682.0
Gujarat,India,2020-07-31 04:35:18,60285,2418,44074,13793.0,315483.0,2658.0
Gujarat,India,2020-08-01 04:36:27,61438,2441,44907,14090.0,761047.0,7593.0
Gujarat,India,2020-08-02 04:34:47,62463,2464,45699,14300.0,193904.0,1903.0
Gujarat,India,2020-08-03 04:34:35,63562,2486,46504,14572.0,110955.0,1239.0
Gujarat,India,2020-08-04 04:41:59,64585,2508,47478,14599.0,-16230.0,-366.0
Gujarat,India,2020-08-05 04:34:43,65599,2533,48376,14690.0,760056.0,7549.0
Gujarat,India,2020-08-06 04:35:02,66669,2556,49433,14680.0,759493.0,7530.0
Gujarat,India,2020-08-07 04:35:11,67699,2583,50350,14766.0,758679.0,7504.0
Gujarat,India,2020-08-08 04:34:53,68768,2605,51720,14443.0,-11894.0,-257.0
Gujarat,India,2020-08-09 04:34:54,69869,2628,52855,14386.0,759036.0,7480.0
Gujarat,India,2020-08-10 04:34:55,70965,2652,54166,14147.0,754470.0,7429.0
Gujarat,India,2020-08-11 04:35:08,72031,2672,55304,14055.0,1088628.0,7801.0
Gujarat,India,2020-08-12 04:27:29,73163,2695,56444,14024.0,-30441.0,-640.0
Gujarat,India,2020-08-13 04:29:15,74318,2713,57421,14184.0,749773.0,7359.0
Gujarat,India,2020-08-14 04:51:19,75408,2731,58467,14210.0,749275.0,7345.0
Gujarat,India,2020-08-15 04:27:31,76480,2746,59538,14196.0,-38930.0,-769.0
Gujarat,India,2020-08-16 04:27:42,77559,2765,60553,14241.0,42777.0,521.0
Gujarat,India,2020-08-17 04:27:20,78680,2785,61512,14383.0,746274.0,7291.0
Gujarat,India,2020-08-18 04:27:56,79710,2800,62595,14315.0,760933.0,7326.0
Gujarat,India,2020-08-19 04:27:00,80802,2820,63703,14279.0,1122348.0,7868.0
Gujarat,India,2020-08-20 04:27:43,81942,2837,64823,14282.0,-1140.0,-17.0
Gujarat,India,2020-08-21 04:27:41,83109,2853,65946,14310.0,-47072.0,-910.0
Gujarat,India,2020-08-22 04:27:49,84311,2867,67267,14177.0,742453.0,7223.0
Gujarat,India,2020-08-23 04:27:48,85523,2881,68243,14399.0,1007445.0,7421.0
Gujarat,India,2020-08-24 04:27:56,86624,2895,69212,14517.0,736983.0,7167.0
Gujarat,India,2020-08-25 04:28:02,87691,2908,70231,14552.0,83187.0,797.0
Gujarat,India,2020-08-26 04:28:11,88805,2928,71236,14641.0,435920.0,3728.0
Gujarat,India,2020-08-27 04:28:15,89994,2945,72282,14767.0,71692.0,706.0
Gujarat,India,2020-08-28 04:28:11,91179,2962,73475,14742.0,7709.0,84.0
Gujarat,India,2020-08-29 04:28:19,92452,2976,74525,14951.0,-42073.0,-780.0
Gujarat,India,2020-08-30 04:28:22,93734,2989,75636,15109.0,732407.0,7097.0
Gujarat,India,2020-08-31 04:28:27,95009,3006,76731,15272.0,882069.0,7180.0
Gujarat,India,2020-09-01 04:28:31,96300,3020,77756,15524.0,731643.0,7075.0
Gujarat,India,2020-09-02 04:28:25,97629,3034,78887,15708.0,54974.0,540.0
Gujarat,India,2020-09-03 04:28:22,98888,3046,79929,15913.0,1113482.0,7729.0
Gujarat,India,2020-09-04 04:28:26,100213,3062,81055,16096.0,-9034.0,-100.0
Gujarat,India,2020-09-05 04:28:19,101533,3076,82273,16184.0,30113.0,330.0
Gujarat,India,2020-09-06 04:28:33,102844,3091,83419,16334.0,131445.0,1136.0
Gujarat,India,2020-09-07 04:28:30,104179,3105,84631,16443.0,-59627.0,-1026.0
Gujarat,India,2020-09-08 04:28:25,105509,3120,85907,16482.0,720749.0,6966.0
Gujarat,India,2020-09-09 04:28:48,106804,3133,87352,16319.0,116007.0,990.0
Gujarat,India,2020-09-10 04:29:01,108133,3149,88688,16296.0,37067.0,370.0
Gujarat,India,2020-09-11 04:46:23,109465,3164,90103,16198.0,716286.0,6918.0
Gujarat,India,2020-09-12 04:25:05,110809,3180,91343,16286.0,712624.0,6876.0
Gujarat,India,2020-09-13 04:30:52,112174,3195,92678,16301.0,714805.0,6895.0
Gujarat,India,2020-09-14 04:26:00,113500,3210,93883,16407.0,144313.0,1162.0
Gujarat,India,2020-09-15 03:22:50,113500,3210,93883,16407.0,148623.0,1179.0
Gujarat,India,2020-09-16 04:22:53,116183,3244,96582,16357.0,-50584.0,-711.0
Gujarat,India,2020-09-17 04:22:00,117547,3256,98029,16262.0,700804.0,6709.0
Gujarat,India,2020-09-18 05:05:00,118926,3270,99681,15975.0,731326.0,6858.0
Gujarat,India,2020-09-19 04:22:00,120336,3286,100974,16076.0,150909.0,1126.0
Gujarat,India,2020-09-20 04:22:00,121768,3302,102444,16022.0,-2842.0,-32.0
Gujarat,India,2020-09-21 04:23:00,123175,3319,103648,16208.0,704395.0,6775.0
Gujarat,India,2020-09-22 04:23:00,124605,3336,104964,16305.0,60359.0,449.0
Gujarat,India,2020-09-23 04:23:00,126007,3352,106285,16370.0,137669.0,1044.0
Gujarat,India,2020-09-24 04:23:00,127379,3367,107574,16438.0,103694.0,836.0
Gujarat,India,2020-09-25 04:23:00,128787,3381,109079,16327.0,-21983.0,-248.0
Gujarat,India,2020-09-26 04:23:00,130229,3393,110358,16478.0,-89288.0,-1361.0
Gujarat,India,2020-09-27 04:23:00,131646,3406,111777,16463.0,694250.0,6676.0
Gujarat,India,2020-09-28 04:23:00,133057,3416,113008,16633.0,141465.0,1002.0
Gujarat,India,2020-09-29 04:23:42,134461,3428,114344,16689.0,198013.0,1227.0
Gujarat,India,2020-09-30 04:23:33,135842,3439,115727,16676.0,732459.0,6691.0
Gujarat,India,2020-10-01 04:23:42,137232,3450,117099,16683.0,691135.0,6650.0
Gujarat,India,2020-10-02 04:23:51,138583,3460,118433,16690.0,531345.0,4813.0
Gujarat,India,2020-10-03 04:23:40,139893,3475,119683,16735.0,-44884.0,-469.0
Gujarat,India,2020-10-04 04:23:44,141236,3487,120987,16762.0,-109298.0,-1660.0
Gujarat,India,2020-10-05 04:23:33,142538,3496,122233,16809.0,-113595.0,-1761.0
Gujarat,India,2020-10-06 04:23:33,143865,3509,123638,16718.0,681764.0,6573.0
Gujarat,India,2020-10-07 04:23:40,145200,3519,125111,16570.0,100572.0,790.0
Gujarat,India,2020-10-08 04:23:56,146673,3531,126657,16485.0,-106604.0,-1509.0
Gujarat,India,2020-10-09 04:23:59,147789,3538,127786,16465.0,-42280.0,-418.0
Gujarat,India,2020-10-10 04:23:57,149032,3547,129304,16181.0,115133.0,850.0
Gujarat,India,2020-10-11 04:23:46,150253,3557,130760,15936.0,677362.0,6537.0
Gujarat,India,2020-10-12 04:23:45,151434,3566,132173,15695.0,7039.0,60.0
Gujarat,India,2020-10-13 04:24:02,152603,3574,133615,15414.0,215013.0,1421.0
Gujarat,India,2020-10-14 04:24:05,153761,3584,134990,15187.0,108920.0,808.0
Gujarat,India,2020-10-15 04:24:28,154936,3595,136404,14937.0,-13700.0,-108.0
Gujarat,India,2020-10-16 04:24:01,156121,3606,137733,14782.0,110983.0,799.0
Gujarat,India,2020-10-17 04:24:12,157312,3617,139012,14683.0,602442.0,5585.0
Gujarat,India,2020-10-18 04:24:25,158473,3626,140282,14565.0,-71849.0,-731.0
Gujarat,India,2020-10-19 04:24:16,159564,3635,141515,14414.0,99923.0,744.0
Gujarat,India,2020-10-20 04:24:22,160560,3643,142662,14255.0,-89595.0,-991.0
Gujarat,India,2020-10-21 04:24:14,161686,3651,143790,14245.0,14760.0,86.0
Gujarat,India,2020-10-22 04:24:27,162823,3660,144970,14193.0,635174.0,6041.0
Gujarat,India,2020-10-23 04:24:46,163959,3667,146171,14121.0,661042.0,6410.0
Gujarat,India,2020-10-24 04:24:46,165071,3673,147435,13963.0,-63538.0,-597.0
Gujarat,India,2020-10-25 04:24:36,166092,3679,148448,13965.0,-122455.0,-1610.0
Gujarat,India,2020-10-26 04:25:02,167011,3686,149411,13914.0,-17979.0,-139.0
Gujarat,India,2020-10-27 04:24:45,167919,3690,150513,13716.0,1028425.0,6958.0
Gujarat,India,2020-10-28 04:24:39,168911,3695,151751,13465.0,655549.0,6380.0
Gujarat,India,2020-10-29 04:24:49,169891,3701.0,152858,13332.0,-16130.0,-117.0
Gujarat,India,2020-10-30 04:24:49,170878,3705,153941,13232.0,98153.0,703.0
Gujarat,India,2020-10-31 04:24:44,171847,3711,154968,13168.0,43972.0,338.0
Gujarat,India,2020-11-01 04:36:19,172782,3716,155982,13084.0,1005149.0,6829.0
Gujarat,India,2020-11-02 05:25:04,173642,3721,157110,12811.0,651102.0,6355.0
Gujarat,India,2020-11-03 06:00:16,174517,3725,158114,12678.0,407107.0,3630.0
Gujarat,India,2020-11-04 05:25:09,175471,3731,159311,12429.0,647869.0,6323.0
Gujarat,India,2020-11-05 06:05:03,176446,3737,160333,12376.0,990.0,7.0
Gujarat,India,2020-11-06 05:24:55,177436,3744,161388,12304.0,-14613.0,-84.0
Gujarat,India,2020-11-07 05:24:52,178471,3748,162709,12014.0,90100.0,660.0
Gujarat,India,2020-11-08 05:24:56,179517,3753,163640,12124.0,145361.0,845.0
Gujarat,India,2020-11-09 05:25:45,180537,3760,164459,12318.0,69376.0,572.0
Gujarat,India,2020-11-10 05:40:07,181508,3765,165452.0,12291.0,644800.0,6321.0
Gujarat,India,2020-11-11 05:25:30,182557,3770,166331.0,12456.0,643459.0,6312.0
Gujarat,India,2020-11-12 05:25:55,183682,3776,167683.0,12223.0,642398.0,6309.0
Gujarat,India,2020-11-13 05:25:30,184964,3785,168858,12321.0,24816.0,204.0
Gujarat,India,2020-11-14 05:25:37,186116,3791,169936,12389.0,634610.0,6212.0
Gujarat,India,2020-11-15 05:26:53,187240,3797,170931,12512.0,637368.0,6279.0
Gujarat,India,2020-11-16 05:25:57,188310,3803,171932,12575.0,638406.0,6287.0
Gujarat,India,2020-11-17 05:25:54,189236,3808,172972,12456.0,918513.0,6515.0
Gujarat,India,2020-11-18 05:40:31,190361,3815,174088,12458.0,930299.0,6530.0
Gujarat,India,2020-11-19 05:25:23,191642,3823,175362,12457.0,633867.0,6259.0
Gujarat,India,2020-11-20 05:26:28,192982,3830,176475,12677.0,633262.0,6256.0
Gujarat,India,2020-11-21 05:25:51,194402,3837,177515,13050.0,608985.0,5924.0
Gujarat,India,2020-11-22 05:25:45,195917,3846,178786,13285.0,626970.0,6196.0
Gujarat,India,2020-11-23 05:25:26,197412,3859,179953,13600.0,627301.0,6217.0
Gujarat,India,2020-11-24 05:27:31,198899,3876,181187,13836.0,686819.0,6261.0
Gujarat,India,2020-11-25 05:27:20,200409,3892,182473,14044.0,-170889.0,-2139.0
Gujarat,India,2020-11-26 05:27:44,201949,3906,183756,14287.0,714141.0,6245.0
Gujarat,India,2020-11-27 05:26:53,203509,3922,185058,14529.0,45737.0,407.0
Gujarat,India,2020-11-28 05:25:50,205116,3938,186446,14732.0,623130.0,6162.0
Gujarat,India,2020-11-29 05:25:55,206714,3953,187969,14792.0,-23032.0,-177.0
Gujarat,India,2020-11-30 05:26:13,208278,3969,189420,14889.0,45466.0,385.0
Gujarat,India,2020-12-01 05:26:18,209780,3989,190821,14970.0,-179685.0,-2218.0
Gujarat,India,2020-12-02 05:27:41,211257,4004,192368,14885.0,614514.0,6078.0
Gujarat,India,2020-12-03 05:28:22,212769,4018,193938,14813.0,-174436.0,-2025.0
Gujarat,India,2020-12-04 05:27:27,214309,4031,195365,14913.0,611428.0,6051.0
Gujarat,India,2020-12-05 05:27:36,215819,4049,196992,14778.0,614138.0,6066.0
Gujarat,India,2020-12-06 05:26:18,217333,4064,198527,14742.0,37516.0,296.0
Gujarat,India,2020-12-07 05:26:14,218788,4081,200012,14695.0,84330.0,419.0
Gujarat,India,2020-12-08 05:27:42,220168,4095,201580,14493.0,604406.0,5981.0
Gujarat,India,2020-12-09 05:28:01,221493,4110,203111,14272.0,602749.0,5963.0
Gujarat,India,2020-12-10 05:26:19,222811,4123,204661,14027.0,602733.0,5959.0
Gujarat,India,2020-12-11 05:26:59,224081,4135,206126,13820.0,-170536.0,-1857.0
Gujarat,India,2020-12-12 05:26:19,225304,4148,207529,13627.0,96294.0,433.0
Gujarat,India,2020-12-13 05:27:20,226508,4160,208867,13481.0,-56617.0,-459.0
Gujarat,India,2020-12-14 05:26:27,227683,4171,210214,13298.0,599052.0,5919.0
Gujarat,India,2020-12-15 05:26:38,228803,4182,211603,13018.0,903988.0,6193.0
Gujarat,India,2020-12-16 05:28:04,229913,4193,212839,12881.0,595485.0,5888.0
Gujarat,India,2020-12-17 05:28:12,231073,4203,214223,12647.0,-79639.0,-637.0
Gujarat,India,2020-12-18 05:28:18,232188,4211,215528,12449.0,592876.0,5866.0
Gujarat,India,2020-12-19 05:27:52,233263,4220,216683,12360.0,593017.0,5866.0
Gujarat,India,2020-12-20 05:27:32,234289,4227,217935,12127.0,-2101.0,-16.0
Gujarat,India,2020-12-21 05:27:58,235299,4234,219125,11940.0,-105070.0,-841.0
Gujarat,India,2020-12-22 05:22:33,236259,4241,220393,11625.0,587428.0,5823.0
Gujarat,India,2020-12-23 05:22:03,237247,4248,221602,11397.0,33523.0,163.0
Gujarat,India,2020-12-24 05:23:04,238205,4254,222911,11040.0,-120658.0,-998.0
Gujarat,India,2020-12-25 05:22:48,239195,4262,224092,10841.0,571535.0,5593.0
Gujarat,India,2020-12-26 05:22:28,240105,4268,225206,10631.0,583658.0,5799.0
Gujarat,India,2020-12-27 05:22:55,240995,4275,226208,10512.0,-168964.0,-1603.0
Gujarat,India,2020-12-28 05:22:06,241845,4282,227128,10435.0,575167.0,5662.0
Gujarat,India,2020-12-29 05:22:37,242655,4288,228144,10223.0,562962.0,5502.0
Gujarat,India,2020-12-30 05:22:34,243459,4295,229143,10021.0,-64988.0,-547.0
Gujarat,India,2020-12-31 05:22:49,244258,4302,229977,9979.0,470353.0,4429.0
Gujarat,India,2021-01-01 05:23:07,244258,4302,229977,9979.0,21776.0,101.0
Gujarat,India,2021-01-02 05:22:33,245772,4309,230893,10570.0,534699.0,5160.0
Gujarat,India,2021-01-03 05:22:52,246513,4314,232722,9477.0,609416.0,5814.0
Gujarat,India,2021-01-04 05:22:02,247228,4318,233660,9250.0,-149599.0,-1284.0
Gujarat,India,2021-01-05 05:21:49,247926,4321,234558,9047.0,577437.0,5759.0
Gujarat,India,2021-01-06 05:22:16,248581,4325,235426,8830.0,-220756.0,-2641.0
Gujarat,India,2021-01-07 05:22:03,249246,4329,236323,8594.0,-20443.0,-147.0
Gujarat,India,2021-01-08 05:22:42,249913,4332,237222,8359.0,11627.0,55.0
Gujarat,India,2021-01-09 05:22:18,249913,4332,237222,8359.0,576413.0,5754.0
Gujarat,India,2021-01-10 05:22:12,251273,4340,238965,7968.0,576860.0,5758.0
Gujarat,India,2021-01-11 05:21:50,251944,4344,239771,7829.0,11966.0,53.0
Gujarat,India,2021-01-12 05:22:15,252559,4347,240517,7695.0,535911.0,5229.0
Gujarat,India,2021-01-13 05:22:15,253161,4350,241372,7439.0,571641.0,5726.0
Gujarat,India,2021-01-14 05:22:32,253744,4354,242164,7226.0,566122.0,5637.0
Gujarat,India,2021-01-15 17:22,254314,4357,242901,7056.0,-7086.0,-39.0
Gujarat,India,2021-01-16 05:22:40,254849,4360,243639,6850.0,-94289.0,-717.0
Gujarat,India,2021-01-17 05:22:17,255354,4363,244403,6588.0,-233322.0,-2978.0
Gujarat,India,2021-01-18 05:22:34,255872,4365,245107,6400.0,31137.0,85.0
Gujarat,India,2021-01-19 05:22:15,256367,4367,245807,6193.0,389605.0,3668.0
Gujarat,India,2021-01-20 05:21:54,256852,4369,246516,5967.0,570623.0,5723.0
Gujarat,India,2021-01-21 05:22:01,257342,4371,247223,5748.0,-3028.0,-14.0
Gujarat,India,2021-01-22 05:22:10,257813,4372,247950,5491.0,567677.0,5710.0
Gujarat,India,2021-01-23 05:22:03,258264,4374,248650,5240.0,101942.0,548.0
Gujarat,India,2021-01-24 05:22:35,258687,4375,249352,4960.0,94829.0,480.0
Gujarat,India,2021-01-25 05:22:16,259097,4376,250056,4665.0,-25834.0,-156.0
Gujarat,India,2021-01-26 05:22:02,259487,4379,250763,4345.0,816873.0,5895.0
Gujarat,India,2021-01-27 05:23:41,259867,4381,251400,4086.0,5626.0,20.0
Gujarat,India,2021-01-28 05:22:24,260220,4382,251862,3976.0,484189.0,4657.0
Gujarat,India,2021-01-29 05:22:23,260566,4384,252464,3718.0,-164266.0,-1364.0
Gujarat,India,2021-01-30 05:22:49,260901,4385,252927,3589.0,-229581.0,-2577.0
Gujarat,India,2021-01-31 05:22:42,261224,4387,253368,3469.0,15398.0,33.0
Gujarat,India,2021-02-01 05:22:53,261540,4387,253703,3450.0,-169088.0,-1411.0
Gujarat,India,2021-02-02 05:22:49,261838,4388,254109,3341.0,234195.0,1940.0
Gujarat,India,2021-02-03 05:22:52,262123,4389,254531,3203.0,32007.0,84.0
Gujarat,India,2021-02-04 05:22:26,262406,4391,255059,2956.0,-148906.0,-1181.0
Gujarat,India,2021-02-05 05:22:38,262681,4392,255489,2800.0,-229449.0,-2525.0
Gujarat,India,2021-02-06 05:23:55,262948,4393,255914,2641.0,-227636.0,-2468.0
Gujarat,India,2021-02-07 05:23:00,263200,4394,256315,2491.0,560633.0,5675.0
Gujarat,India,2021-02-08 05:22:39,263444,4395,256670,2379.0,560703.0,5678.0
Gujarat,India,2021-02-09 05:23:30,263676,4396,257120,2160.0,564940.0,5706.0
Gujarat,India,2021-02-10 05:22:41,263910,4397,257473,2040.0,561191.0,5680.0
Gujarat,India,2021-02-11 05:23:55,264165,4397,257968,1800.0,560381.0,5679.0
Gujarat,India,2021-02-12 05:23:29,264450,4399,258270,1781.0,560837.0,5680.0
Gujarat,India,2021-02-13 05:22:12,264718,4400,258551,1767.0,-47385.0,-336.0
Gujarat,India,2021-02-14 05:23:43,264997,4400,258834,1763.0,-217607.0,-2278.0
Gujarat,India,2021-02-15 05:24:49,265244,4401,259104,1739.0,535622.0,5333.0
Gujarat,India,2021-02-16 05:24:38,265493,4401,259384,1708.0,561774.0,5691.0
Gujarat,India,2021-02-17 05:23:10,265756,4402,259655,1699.0,-96845.0,-707.0
Gujarat,India,2021-02-18 05:22:58,266034,4403,259928,1703.0,3855.0,7.0
Gujarat,India,2021-02-19 05:24:16,266297,4403,260198,1696.0,-156832.0,-1239.0
Gujarat,India,2021-02-20 05:22:51,266563,4404,260475,1684.0,525094.0,5217.0
Gujarat,India,2021-02-21 05:24:33,266821,4404,260745,1672.0,-110700.0,-798.0
Gujarat,India,2021-02-22 05:24:21,267104,4405,261009,1690.0,-166891.0,-1343.0
Gujarat,India,2021-02-23 05:23:41,267419,4406,261281,1732.0,-80179.0,-609.0
Gujarat,India,2021-02-24 05:29:16,267767,4406,261575,1786.0,-79457.0,-603.0
Gujarat,India,2021-02-25 05:24:57,268147,4407,261871,1869.0,560280.0,5694.0
Gujarat,India,2021-02-26 05:22:40,268571,4408,262172,1991.0,557431.0,5674.0
Gujarat,India,2021-02-27 05:22:28,269031,4408,262487,2136.0,-241771.0,-2745.0
Gujarat,India,2021-02-28 05:22:20,269482,4409,262815,2258.0,-101563.0,-719.0
Gujarat,India,2021-03-01 05:23:01,269889,4410,263116,2363.0,598412.0,5720.0
Gujarat,India,2021-03-02 05:23:30,270316,4410,263475,2431.0,-131733.0,-950.0
Gujarat,India,2021-03-03 05:23:28,270770,4411,263837,2522.0,555520.0,5675.0
Gujarat,India,2021-03-04 05:24:24,271245,4412,264195,2638.0,573611.0,5715.0
Gujarat,India,2021-03-05 05:26:29,271725,4412,264564,2749.0,182111.0,1465.0
Gujarat,India,2021-03-06 04:23:41,272240,4413,264969,2858.0,553360.0,5669.0
Gujarat,India,2021-03-07 05:21:54,272811,4414,265372,3025.0,555892.0,5690.0
Gujarat,India,2021-03-08 05:24:48,273386,4415,265831.0,3140.0,549624.0,5630.0
Gujarat,India,2021-03-09 05:28:19,273941,4416,266313.0,3212.0,-116629.0,-799.0
Gujarat,India,2021-03-10 05:24:35,274522,4418,266766.0,3338.0,-190211.0,-1551.0
Gujarat,India,2021-03-11 05:25:48,275197,4418,267250.0,3529.0,-192088.0,-1565.0
Gujarat,India,2021-03-12 05:26:50,275907,4418,267701.0,3788.0,-24634.0,-78.0
Gujarat,India,2021-03-13 05:25:15,276622,4420,268196.0,4006.0,547342.0,5652.0
Gujarat,India,2021-03-14 05:25:37,277397,4422,268775.0,4200.0,-16173.0,-35.0
Gujarat,India,2021-03-15 05:25:51,278207,4424,269361.0,4422.0,-208338.0,-1796.0
Gujarat,India,2021-03-16 05:25:13,279097,4425,269955.0,4717.0,545842.0,5651.0
Gujarat,India,2021-03-17 05:25:07,280051,4427,270658.0,4966.0,541870.0,5596.0
Gujarat,India,2021-03-18 05:26:22,281173,4430,271433.0,5310.0,-17729.0,-35.0
Gujarat,India,2021-03-19 05:26:09,282449,4433,272332.0,5684.0,542881.0,5646.0
Gujarat,India,2021-03-20 05:25:46,283864,4437,273280.0,6147.0,-14382.0,-28.0
Gujarat,India,2021-03-21 05:25:44,285429,4443,274249.0,6737.0,-2980.0,-10.0
Gujarat,India,2021-03-22 05:25:43,287009,4450,275238.0,7321.0,539472.0,5638.0
Gujarat,India,2021-03-23 05:26:18,288649,4454,276348.0,7847.0,535551.0,5619.0
Gujarat,India,2021-03-24 05:25:40,290379,4458,277603.0,8318.0,535184.0,5624.0
Gujarat,India,2021-03-25 05:27:00,292169,4466,278880.0,8823.0,529207.0,5546.0
Gujarat,India,2021-03-26 05:26:55,294130,4473,280285.0,9372.0,-248649.0,-2384.0
Gujarat,India,2021-03-27 05:25:04,296320,4479,281707.0,10134.0,-56215.0,-211.0
Gujarat,India,2021-03-28 05:28:10,298596,4484,283241.0,10871.0,-63297.0,-250.0
Gujarat,India,2021-03-29 04:28:35,300866,4492,284846.0,11528.0,-270157.0,-2703.0
Gujarat,India,2021-03-30 04:26:23,303118,4500,286577.0,12041.0,518541.0,5518.0
Gujarat,India,2021-03-31 04:26:25,305338,4510,288565.0,12263.0,520722.0,5574.0
Gujarat,India,2021-04-01 04:27:05,307698,4519,290569.0,12610.0,-100984.0,-566.0
Gujarat,India,2021-04-02 04:20:36,310108,4528,292584.0,12996.0,895544.0,6188.0
Gujarat,India,2021-04-03 04:20:44,312748,4539,294650.0,13559.0,-47751.0,-139.0
Gujarat,India,2021-04-04 04:20:49,315563,4552,296713.0,14298.0,-155999.0,-917.0
Gujarat,India,2021-04-05 04:20:35,318438,4566,298737.0,15135.0,-93134.0,-418.0
Gujarat,India,2021-04-06 04:20:32,321598,4581,300765.0,16252.0,504742.0,5506.0
Gujarat,India,2021-04-07 04:20:53,324878,4598,302932.0,17348.0,499468.0,5476.0
Gujarat,India,2021-04-08 04:21:13,328453,4620,305149.0,18684.0,437748.0,4649.0
Gujarat,India,2021-04-09 04:21:13,332474,4655,307346.0,20473.0,-76602.0,-290.0
Gujarat,India,2021-04-10 04:20:59,337015,4697,309626.0,22692.0,487862.0,5379.0
Gujarat,India,2021-04-11 04:20:56,342026,4746,312151.0,25129.0,485270.0,5346.0
Gujarat,India,2021-04-12 04:21:00,347495,4800,315127.0,27568.0,-103237.0,-498.0
Gujarat,India,2021-04-13 04:20:37,353516,4855,317981.0,30680.0,-89066.0,-456.0
Gujarat,India,2021-04-14 04:20:41,360206,4922,320729.0,34555.0,-101519.0,-547.0
Gujarat,India,2021-04-15 04:20:54,367616,4995,323371.0,39250.0,-188099.0,-1242.0
Gujarat,India,2021-04-16 04:20:46,375768,5076,326394.0,44298.0,134605.0,1410.0
Gujarat,India,2021-04-17 04:20:40,384688,5170,329781.0,49737.0,-104637.0,-743.0
Gujarat,India,2021-04-18 04:20:41,394229,5267,333564.0,55398.0,431181.0,4814.0
Gujarat,India,2021-04-19 04:20:57,404569,5377,337545.0,61647.0,-238477.0,-1698.0
Gujarat,India,2021-04-20 04:20:41,415972,5494,341724.0,68754.0,409414.0,4587.0
Gujarat,India,2021-04-21 04:21:14,428178,5615,346063.0,76500.0,-190931.0,-1367.0
Gujarat,India,2021-04-22 04:20:53,440731,5740,350865.0,84126.0,368438.0,4093.0
Gujarat,India,2021-04-23 04:20:52,453836,5877,355875.0,92084.0,-419923.0,-3991.0
Gujarat,India,2021-04-24 04:20:38,467640,6019,361493.0,100128.0,360233.0,4076.0
Gujarat,India,2021-04-25 04:20:32,481737,6171,367972.0,107594.0,346454.0,3928.0
Gujarat,India,2021-04-26 04:21:04,496033,6328,374699.0,115006.0,-222647.0,-1913.0
Gujarat,India,2021-04-27 04:20:52,510373,6486,382426.0,121461.0,-226509.0,-2049.0
Gujarat,India,2021-04-28 04:20:32,524725,6656,390229.0,127840.0,-351083.0,-2935.0
Gujarat,India,2021-04-29 04:20:55,538845,6830,398824.0,133191.0,-324536.0,-2799.0
Gujarat,India,2021-04-30 04:21:03,553172,7010,408368.0,137794.0,-513978.0,-5002.0
Gujarat,India,2021-05-01 04:20:47,567777,7183,418548.0,142046.0,-378541.0,-3375.0
Gujarat,India,2021-05-02 04:20:48,581624,7355,429130.0,145139.0,587373.0,3156.0
Gujarat,India,2021-05-03 04:20:39,594602,7508,440276.0,146818.0,230376.0,2568.0
Gujarat,India,2021-05-04 04:20:34,607422,7648,452275.0,147499.0,217850.0,2430.0
Gujarat,India,2021-05-05 04:20:43,620472,7779,464396.0,148297.0,-304909.0,-3227.0
Gujarat,India,2021-05-06 04:20:38,633427,7912,477391.0,148124.0,-371589.0,-3524.0
Gujarat,India,2021-05-07 04:20:40,645972,8035,490412.0,147525.0,180915.0,2055.0
Gujarat,India,2021-05-08 04:21:04,658036,8154,503497.0,146385.0,167082.0,1924.0
Gujarat,India,2021-05-09 04:20:35,669928,8273,518234.0,143421.0,156256.0,1813.0
Gujarat,India,2021-05-10 04:20:38,681012,8394,533004.0,139614.0,145668.0,1696.0
Gujarat,India,2021-05-11 04:20:41,692604,8511,547935.0,136158.0,-382496.0,-3983.0
Gujarat,India,2021-05-12 04:21:29,703594,8629,563133.0,131832.0,122529.0,1457.0
Gujarat,India,2021-05-13 04:20:51,714611,8731,578397.0,127483.0,-386158.0,-4111.0
Gujarat,India,2021-05-14 04:20:41,725353,8840,593666.0,122847.0,-284622.0,-3100.0
Gujarat,India,2021-05-15 04:20:58,735348,8944,609031.0,117373.0,-350660.0,-3774.0
Gujarat,India,2021-05-16 04:20:49,744409,9039,624107.0,111263.0,-487557.0,-4670.0
Gujarat,India,2021-05-17 04:20:34,752619,9121,638590.0,104908.0,73958.0,968.0
Gujarat,India,2021-05-18 04:20:33,759754,9202,650932.0,99620.0,147159.0,942.0
Gujarat,India,2021-05-19 04:20:42,766201,9269,660489.0,96443.0,425433.0,1345.0
Gujarat,India,2021-05-20 04:21:05,771447,9340,669490.0,92617.0,44787.0,593.0
Gujarat,India,2021-05-21 04:20:43,776220,9404,677798.0,89018.0,-528294.0,-5083.0
Gujarat,India,2021-05-22 04:20:45,780471,9469,686581.0,84421.0,-531890.0,-5144.0
Gujarat,India,2021-05-23 04:20:51,784676,9523,695026.0,80127.0,-747904.0,-7563.0
Gujarat,India,2021-05-24 04:20:53,788470,9576,703760.0,75134.0,23593.0,297.0
Gujarat,India,2021-05-25 04:21:08,791657,9621,713065.0,68971.0,420713.0,1154.0
Gujarat,India,2021-05-26 04:20:35,794912,9665,722741.0,62506.0,415575.0,1096.0
Gujarat,India,2021-05-27 04:20:59,797997,9701,732748.0,55548.0,-673392.0,-6365.0
Gujarat,India,2021-05-28 04:20:36,800866,9734,742050.0,49082.0,-406637.0,-4467.0
Gujarat,India,2021-05-29 04:20:41,803387,9761,750015.0,43611.0,58817.0,367.0
Gujarat,India,2021-05-30 04:20:55,805617,9790,757124.0,38703.0,-563772.0,-5508.0
Gujarat,India,2021-05-31 03:08:59,807488,9815,762270.0,35403.0,-747203.0,-7397.0
Gujarat,India,2021-06-01 04:23:09,809169,9833,766991.0,32345.0,17335.0,255.0
Gujarat,India,2021-06-02 04:24:34,810730,9855,771860.0,29015.0,14506.0,223.0
Gujarat,India,2021-06-03 04:23:32,812063,9873,775958.0,26232.0,12711.0,203.0
Gujarat,India,2021-06-04 04:23:37,813270,9890,778976.0,24404.0,-631762.0,-6125.0
Gujarat,India,2021-06-05 04:23:03,814390,9906,782374.0,22110.0,-549672.0,-5506.0
Gujarat,India,2021-06-06 04:24:03,815386,9921,785378.0,20087.0,384855.0,746.0
Gujarat,India,2021-06-07 04:22:51,816234,9933,788293.0,18008.0,-553286.0,-5540.0
Gujarat,India,2021-06-08 04:22:35,817012,9944,790906.0,16162.0,336968.0,494.0
Gujarat,India,2021-06-09 04:23:31,817707,9955,793028.0,14724.0,-550288.0,-5549.0
Gujarat,India,2021-06-10 04:23:17,818351,9965,794703.0,13683.0,7500.0,117.0
Gujarat,India,2021-06-11 04:23:20,818895,9976,796208.0,12711.0,-762021.0,-7628.0
Gujarat,India,2021-06-12 04:22:22,819376,9985,797734.0,11657.0,-551229.0,-5578.0
Gujarat,India,2021-06-13 04:22:44,819866,9991,799012.0,10863.0,-791495.0,-8281.0
Gujarat,India,2021-06-14 04:22:46,820321,9997,800075.0,10249.0,-628679.0,-6174.0
Gujarat,India,2021-06-15 04:22:22,820726,10003,801181.0,9542.0,6505.0,88.0
Gujarat,India,2021-06-16 04:22:32,821078,10007,802187.0,8884.0,-554781.0,-5604.0
Gujarat,India,2021-06-17 04:22:36,821376,10012,803122.0,8242.0,-26464.0,-347.0
Gujarat,India,2021-06-18 04:22:16,821659,10018,803892.0,7749.0,1585.0,33.0
Gujarat,India,2021-06-19 04:22:33,821921,10023,804668.0,7230.0,179642.0,176.0
Gujarat,India,2021-06-20 04:21:48,822149,10028,805542.0,6579.0,4775.0,62.0
Gujarat,India,2021-06-21 04:21:41,822334,10032,806193.0,6109.0,1940.0,42.0
Gujarat,India,2021-06-22 04:21:34,822485,10034,806812.0,5639.0,4041.0,54.0
Gujarat,India,2021-06-23 04:21:46,822620,10037,807424.0,5159.0,138.0,3.0
Gujarat,India,2021-06-24 04:21:55,822758,10040,807911.0,4807.0,116235.0,124.0
Gujarat,India,2021-06-25 04:21:33,822887,10042,808418.0,4427.0,-576374.0,-5728.0
Gujarat,India,2021-06-26 04:21:43,823010,10045,808849.0,4116.0,-798955.0,-8540.0
Gujarat,India,2021-06-27 04:21:39,823132,10048,809201.0,3883.0,-563265.0,-5667.0
Gujarat,India,2021-06-28 04:21:29,823244,10051,809506.0,3687.0,-560044.0,-5657.0
Gujarat,India,2021-06-29 04:21:28,823340,10054,809821.0,3465.0,1582.0,22.0
Gujarat,India,2021-06-30 04:21:41,823433,10056,810147.0,3230.0,4573.0,42.0
Gujarat,India,2021-07-01 04:21:19,823523,10059,810451.0,3013.0,-407551.0,-4565.0
Gujarat,India,2021-07-02 04:21:47,823607,10062,810751.0,2794.0,2795.0,25.0
Gujarat,India,2021-07-03 04:21:37,823687,10064,810979.0,2644.0,-584492.0,-5802.0
Gujarat,India,2021-07-04 04:21:38,823763,10067,811169.0,2527.0,1066.0,9.0
Gujarat,India,2021-07-05 04:21:28,823833,10069,811297.0,2467.0,61885.0,68.0
Gujarat,India,2021-07-06 04:21:32,823895,10071,811491.0,2333.0,-797754.0,-8453.0
Gujarat,India,2021-07-07 04:21:20,823964,10072,811699.0,2193.0,-574051.0,-5740.0
Gujarat,India,2021-07-08 04:21:26,824029,10072,811988.0,1969.0,384183.0,668.0
Gujarat,India,2021-07-09 04:21:21,824091,10072,812522.0,1497.0,-505653.0,-5506.0
Gujarat,India,2021-07-10 04:21:25,824147,10073,812718.0,1356.0,-252.0,-2.0
Gujarat,India,2021-07-11 04:21:43,824200,10073,812976.0,1151.0,1736.0,9.0
Gujarat,India,2021-07-12 04:21:34,824242,10073,813238.0,931.0,221696.0,157.0
Gujarat,India,2021-07-13 04:21:18,824274,10074,813399.0,801.0,-538845.0,-5631.0
Gujarat,India,2021-07-14 04:21:35,824305,10074,813512.0,719.0,-674052.0,-6517.0
Gujarat,India,2021-07-15 04:21:48,824346,10074,813583.0,689.0,77.0,0.0
Gujarat,India,2021-07-16 04:21:22,824384,10074,813673.0,637.0,3136.0,19.0
Gujarat,India,2021-07-17 04:22:22,824423,10074,813743.0,606.0,-628506.0,-6228.0
Gujarat,India,2021-07-18 04:22:07,824460,10075,813853.0,532.0,1492.0,7.0
Gujarat,India,2021-07-19 04:21:24,824497,10076,813928.0,493.0,-545400.0,-5651.0
Gujarat,India,2021-07-20 04:21:48,824517,10076,813998.0,443.0,-738994.0,-7195.0
Gujarat,India,2021-07-21 04:21:40,824546,10076,814059.0,411.0,-720367.0,-6971.0
Gujarat,India,2021-07-22 04:21:19,824574,10076,814109.0,389.0,-566310.0,-5702.0
Gujarat,India,2021-07-23 04:21:29,824608,10076,814162.0,370.0,9161.0,44.0
Gujarat,India,2021-07-24 00:21:36,824644,10076,814162.0,406.0,-260.0,-2.0
Gujarat,India,2021-07-25 04:22:12,824683,10076,814265.0,342.0,-627271.0,-6217.0
Gujarat,India,2021-07-26 04:21:28,824713,10076,814307.0,330.0,8088.0,43.0
Gujarat,India,2021-07-27 04:21:18,824744,10076,814356.0,312.0,603.0,4.0
Gujarat,India,2021-07-28 04:21:39,824774,10076,814413.0,285.0,-737083.0,-7168.0
Gujarat,India,2021-07-29 04:21:33,824802,10076,814452.0,274.0,2212.0,14.0
Gujarat,India,2021-07-30 04:21:34,824829,10076,814485.0,268.0,-588570.0,-5835.0
Gujarat,India,2021-07-31 04:21:35,824850,10076,814514.0,260.0,316.0,2.0
Gujarat,India,2021-08-01 04:21:50,824877,10076,814549.0,252.0,599.0,6.0
Gujarat,India,2021-08-02 04:21:36,824900,10076,814570.0,254.0,241.0,2.0
Gujarat,India,2021-08-03 04:21:39,824922,10076,814595.0,251.0,4437.0,37.0
Gujarat,India,2021-08-04 04:21:25,824939,10076,814637.0,226.0,-760354.0,-7568.0
Gujarat,India,2021-08-05 04:21:51,824954,10076,814665.0,213.0,-745244.0,-7276.0
Gujarat,India,2021-08-06 04:21:18,824978,10076,,,-746298.0,-7291.0
Gujarat,India,2021-08-07 04:21:30,825001,10077,,,722.0,5.0
Gujarat,India,2021-08-08 04:21:33,825020,10077,,,597.0,5.0
Gujarat,India,2021-08-09 04:21:24,825045,10077,,,-800468.0,-8544.0
Gujarat,India,2021-08-10 04:21:27,825064,10077,,,-582409.0,-5789.0
Gujarat,India,2021-08-11 04:21:58,825085,10077,,,-40.0,0.0
Gujarat,India,2021-08-12 04:21:25,825101,10077,,,-598593.0,-5917.0
Gujarat,India,2021-08-13 04:21:24,825118,10078,,,-559874.0,-5677.0
Gujarat,India,2021-08-14 04:21:25,825141,10078,,,-2009.0,-30.0
Gujarat,India,2021-08-15 04:21:41,825166,10078,,,-687934.0,-6628.0
Gujarat,India,2021-08-16 04:21:31,825182,10078,,,3185.0,22.0
Gujarat,India,2021-08-17 04:21:49,825196,10078,,,1222.0,9.0
Gujarat,India,2021-08-18 04:21:35,825213,10078,,,-533044.0,-5612.0
Gujarat,India,2021-08-19 04:21:15,825236,10078,,,-553511.0,-5666.0
Gujarat,India,2021-08-20 04:21:33,825255,10078,,,-357615.0,-4059.0
Gujarat,India,2021-08-21 04:21:38,825272,10078,,,2110.0,14.0
Gujarat,India,2021-08-22 04:21:29,825287,10079,,,-658276.0,-6393.0
Gujarat,India,2021-08-23 04:21:27,825302,10079,,,2997.0,21.0
Gujarat,India,2021-08-24 04:21:19,825316,10079,,,894.0,7.0
Gujarat,India,2021-08-25 04:21:41,825330,10079,,,-769508.0,-7753.0
Gujarat,India,2021-08-26 04:21:28,825347,10080,,,-17859.0,-265.0
Gujarat,India,2021-08-27 04:21:37,825363,10080,,,13.0,1.0
Gujarat,India,2021-08-28 04:21:28,825376,10081,,,-257599.0,-2898.0
Gujarat,India,2021-08-29 04:21:14,825386,10081,,,11907.0,44.0
Gujarat,India,2021-08-30 04:21:23,825398,10081,,,-96.0,-2.0
Gujarat,India,2021-08-31 04:21:46,825410,10081,,,-510.0,-5.0
Gujarat,India,2021-09-01 04:21:38,825422,10081,,,-799821.0,-8490.0
Gujarat,India,2021-09-02 04:21:15,825435,10081,,,-552624.0,-5667.0
Gujarat,India,2021-09-03 04:21:20,825445,10081,,,-776210.0,-9378.0
Gujarat,India,2021-09-04 04:21:28,825461,10082,,,-702286.0,-6763.0
Gujarat,India,2021-09-05 04:21:33,825476,10082,,,-1171.0,-8.0
Gujarat,India,2021-09-06 04:21:22,825490,10082,,,1460.0,8.0
Gujarat,India,2021-09-07 04:21:35,825509,10082,,,-313.0,-4.0
Gujarat,India,2021-09-08 04:21:31,825527,10082,,,1621.0,9.0
Gujarat,India,2021-09-09 04:21:27,825544,10082,,,-604051.0,-5972.0
Gujarat,India,2021-09-10 04:21:20,825563,10082,,,-564662.0,-5697.0
Gujarat,India,2021-09-11 04:21:30,825584,10082,,,-272412.0,-3072.0
Gujarat,India,2021-09-12 04:21:13,825600,10082,,,-770974.0,-7782.0
Gujarat,India,2021-09-13 04:21:15,825617,10082,,,-11227.0,-176.0
Gujarat,India,2021-09-14 04:21:41,825629,10082,,,-625220.0,-6190.0
Gujarat,India,2021-09-15 03:22:37,825640,10082,,,957.0,8.0
Gujarat,India,2021-09-16 04:22:19,825655,10082,,,-758986.0,-7526.0
Gujarat,India,2021-09-17 04:21:46,825677,10082,,,-557910.0,-5676.0
Gujarat,India,2021-09-18 04:21:24,825702,10082,,,-645165.0,-6322.0
Gujarat,India,2021-09-19 04:21:34,825715,10082,,,-1198.0,-6.0
Gujarat,India,2021-09-20 04:21:22,825723,10082,,,-681858.0,-6573.0
Gujarat,India,2021-09-21 04:21:26,825737,10082,,,-4659.0,-75.0
Gujarat,India,2021-09-22 04:21:45,825751,10082,,,2326.0,16.0
Gujarat,India,2021-09-23 04:21:43,825771,10082,,,-653924.0,-6371.0
Gujarat,India,2021-09-24 04:21:44,825797,10082,,,-689955.0,-6643.0
Gujarat,India,2021-09-25 04:21:31,825814,10082,,,1254.0,8.0
Gujarat,India,2021-09-26 04:21:29,825830,10082,,,130282.0,92.0
Gujarat,India,2021-09-27 04:21:16,825851,10082,,,188.0,1.0
Gujarat,India,2021-09-28 04:21:28,825872,10082,,,-704104.0,-6780.0
Gujarat,India,2021-09-29 04:21:45,825896,10082,,,3667.0,32.0
Gujarat,India,2021-09-30 04:21:20,825916,10082,,,-896.0,-5.0
Gujarat,India,2021-10-01 04:21:35,825936,10082,,,-535557.0,-5624.0
Gujarat,India,2021-10-02 04:21:25,825952,10082,,,-699945.0,-6730.0
Gujarat,India,2021-10-03 04:21:24,825979,10082,,,-557.0,-1.0
Gujarat,India,2021-10-04 04:21:31,826002,10082,,,-10616.0,-161.0
Gujarat,India,2021-10-05 04:21:27,826016,10082,,,-931.0,-5.0
Gujarat,India,2021-10-06 04:21:33,826039,10083,,,-7144.0,-107.0
Gujarat,India,2021-10-07 04:21:36,826060,10084,,,-617782.0,-6115.0
Gujarat,India,2021-10-08 04:21:25,826080,10085,,,5652.0,33.0
Gujarat,India,2021-10-09 04:21:34,826099,10085,,,236456.0,164.0
Gujarat,India,2021-10-10 04:21:38,826123,10086,,,-133519.0,-1575.0
Gujarat,India,2021-10-11 04:21:31,826141,10086,,,-563735.0,-5695.0
Gujarat,India,2021-10-12 04:21:09,826162,10086,,,-949.0,-8.0
Gujarat,India,2021-10-13 04:20:51,826184,10086,,,-868.0,-7.0
Gujarat,India,2021-10-14 04:21:29,826210,10086,,,-621094.0,-6148.0
Gujarat,India,2021-10-15 04:21:26,826244,10086,,,-555928.0,-5676.0
Gujarat,India,2021-10-16 04:21:15,826258,10086,,,-633276.0,-6256.0
Gujarat,India,2021-10-17 04:21:29,826280,10086,,,-192853.0,-2174.0
Gujarat,India,2021-10-18 04:21:10,826290,10086,,,-551093.0,-5668.0
Gujarat,India,2021-10-19 04:20:54,826308,10086,,,-8601.0,-131.0
Gujarat,India,2021-10-20 04:21:00,826326,10086,,,-582867.0,-5791.0
Gujarat,India,2021-10-21 04:21:18,826340,10087,,,13.0,0.0
Gujarat,India,2021-10-22 04:21:14,826353,10087,,,-554113.0,-5674.0
Gujarat,India,2021-10-23 04:21:32,826378,10087,,,-662419.0,-6420.0
Gujarat,India,2021-10-24 04:21:22,826402,10087,,,-683864.0,-6591.0
Gujarat,India,2021-10-25 04:22:31,826418,10087,,,16.0,1.0
Gujarat,India,2021-10-26 04:22:09,826434,10088,,,-549037.0,-5666.0
Gujarat,India,2021-10-27 04:22:32,826464,10088,,,-749.0,-6.0
Gujarat,India,2021-10-28 04:22:08,826481,10088,,,345.0,2.0
Gujarat,India,2021-10-29 04:22:03,826504,10088,,,4001.0,28.0
Gujarat,India,2021-10-30 04:22:03,826526,10088,,,-632124.0,-6251.0
Gujarat,India,2021-10-31 04:22:08,826557,10089,,,-693500.0,-6673.0
Gujarat,India,2021-11-01 04:22:01,826577,10089,,,-661.0,-7.0
Gujarat,India,2021-11-02 04:22:03,826597,10090,,,-422028.0,-4713.0
Gujarat,India,2021-11-03 06:22:09,826627,10090,,,-679954.0,-6559.0
Gujarat,India,2021-11-04 04:22:20,826656,10090,,,44.0,0.0
Gujarat,India,2021-11-05 04:21:54,826680,10090,,,-50460.0,-686.0
Gujarat,India,2021-11-06 04:21:51,826700,10090,,,708.0,2.0
Gujarat,India,2021-11-07 04:21:53,826716,10090,,,1830.0,11.0
Gujarat,India,2021-11-08 04:21:43,826735,10090,,,-574176.0,-5743.0
Gujarat,India,2021-11-09 04:21:36,826764,10090,,,-775365.0,-7866.0
Gujarat,India,2021-11-10 04:21:38,826784,10090,,,-723940.0,-6999.0
Gujarat,India,2021-11-11 04:21:45,826826,10090,,,-714652.0,-6895.0
Gujarat,India,2021-11-12 04:22:01,826866,10090,,,-548659.0,-5666.0
Gujarat,India,2021-11-13 04:21:38,826887,10090,,,195901.0,125.0
Gujarat,India,2021-11-14 04:21:31,826924,10090,,,-545751.0,-5660.0
Gujarat,India,2021-11-15 04:21:36,826950,10090,,,256.0,1.0
Gujarat,India,2021-11-16 04:21:10,826979,10090,,,-561223.0,-5688.0
Gujarat,India,2021-11-17 04:21:48,827014,10090,,,-1759.0,-12.0
Gujarat,India,2021-11-18 04:21:33,827068,10090,,,-1238.0,-8.0
Gujarat,India,2021-11-19 04:21:40,827112,10090,,,-1013.0,-5.0
Gujarat,India,2021-11-20 04:22:17,827148,10091,,,99092.0,68.0
Gujarat,India,2021-11-21 04:22:13,827184,10091,,,-692723.0,-6663.0
Gujarat,India,2021-11-22 04:22:20,827206,10091,,,-763644.0,-7605.0
Gujarat,India,2021-11-23 04:22:39,827231,10091,,,-614462.0,-6073.0
Gujarat,India,2021-11-24 04:22:14,827267,10092,,,-91919.0,-1148.0
Gujarat,India,2021-11-25 04:22:33,827296,10092,,,-490281.0,-5395.0
Gujarat,India,2021-11-26 04:22:33,827327,10092,,,-713827.0,-6882.0
Gujarat,India,2021-11-27 04:22:45,827354,10092,,,-219932.0,-2444.0
Gujarat,India,2021-11-28 04:22:43,827382,10092,,,-232780.0,-2584.0
Gujarat,India,2021-11-29 04:22:30,827408,10092,,,-146396.0,-1698.0
Gujarat,India,2021-11-30 04:22:53,827435,10092,,,-779.0,-2.0
Gujarat,India,2021-12-01 04:22:29,827475,10092,,,-1496.0,-10.0
Gujarat,India,2021-12-02 04:22:37,827520,10093,,,-644963.0,-6323.0
Gujarat,India,2021-12-03 04:23:05,827570,10094,,,-1986.0,-12.0
Gujarat,India,2021-12-04 04:22:18,827615,10094,,,-2154.0,-12.0
Gujarat,India,2021-12-05 04:22:25,827615,10094,,,-1151.0,-6.0
Gujarat,India,2021-12-06 04:22:34,827707,10095,,,-654925.0,-6379.0
Gujarat,India,2021-12-07 04:22:34,827745,10095,,,-2105.0,-13.0
Gujarat,India,2021-12-08 04:22:46,827806,10095,,,-3777.0,-23.0
Gujarat,India,2021-12-09 04:22:49,827873,10095,,,1130.0,16.0
Gujarat,India,2021-12-10 04:22:28,827943,10095,,,1239.0,18.0
Gujarat,India,2021-12-11 04:22:45,828006,10098,,,-603925.0,-5963.0
Gujarat,India,2021-12-12 04:22:12,828077,10098,,,-2632.0,-17.0
Gujarat,India,2021-12-13 04:22:02,828133,10098,,,-616876.0,-6094.0
Gujarat,India,2021-12-14 04:22:38,828191,10099,,,-400013.0,-4484.0
Gujarat,India,2021-12-15 03:22:16,828246,10100,,,316339.0,308.0
Gujarat,India,2021-12-16 04:22:11,828299,10100,,,-4776.0,-41.0
Gujarat,India,2021-12-17 04:22:14,828367,10100,,,-207895.0,-2321.0
Gujarat,India,2021-12-18 02:22:20,828367,10100,,,357170.0,479.0
Gujarat,India,2021-12-19 04:21:11,828427,10101,,,-590222.0,-5847.0
Gujarat,India,2021-12-20 04:21:43,828546,10101,,,6482.0,22.0
Gujarat,India,2021-12-21 03:21:27,828616,10102,,,-554675.0,-5686.0
Gujarat,India,2021-12-22 04:21:54,828703,10104,,,-3853.0,-28.0
Gujarat,India,2021-12-23 04:21:21,828794,10106,,,-103441.0,-1266.0
Gujarat,India,2021-12-24 04:21:34,828905,10108,,,-769779.0,-7712.0
Gujarat,India,2021-12-25 04:21:37,829003,10111,,,-568437.0,-5727.0
Gujarat,India,2021-12-26 04:21:50,829182,10113,,,-3368.0,-31.0
Gujarat,India,2021-12-27 04:21:58,829359,10113,,,-2493.0,-23.0
Gujarat,India,2021-12-28 04:21:47,829563,10114,,,-2236.0,-22.0
Gujarat,India,2021-12-29 03:21:43,829957,10115,,,-348220.0,-3944.0
Gujarat,India,2021-12-30 04:21:25,830505,10116,,,-2798.0,-21.0
Gujarat,India,2021-12-31 04:21:50,831078,10118,,,-722945.0,-6969.0
Gujarat,India,2022-01-01 04:22:14,831732,10118,,,-691839.0,-6643.0
Gujarat,India,2022-01-02 04:20:52,832801,10119,,,-293956.0,-3289.0
Gujarat,India,2022-01-03 02:22:25,833769,10120,,,-8092.0,-38.0
Gujarat,India,2022-01-04 04:22:17,835028,10123,,,-607345.0,-5952.0
Gujarat,India,2022-01-05 04:21:59,837293,10125,,,-9939.0,-33.0
Gujarat,India,2022-01-06 04:22:09,840643,10126,,,-621855.0,-6045.0
Gujarat,India,2022-01-07 04:22:09,844856,10127,,,-568949.0,-5709.0
Gujarat,India,2022-01-08 04:21:53,850252,10128,,,-609257.0,-5853.0
Gujarat,India,2022-01-09 04:21:46,855929,10128,,,-767124.0,-7200.0
Gujarat,India,2022-01-10 04:22:07,862204,10128,,,-514709.0,-5328.0
Gujarat,India,2022-01-11 04:22:01,868301,10130,,,-616357.0,-5786.0
Gujarat,India,2022-01-12 04:21:44,868301,10130,,,-610959.0,-5759.0
Gujarat,India,2022-01-13 08:00:09,885718,10137,,,-699602.0,-6346.0
Gujarat,India,2022-01-14 04:21:54,885718,10137,,,-823255.0,-7673.0
Gujarat,India,2022-01-15 04:21:07,906913,10144,,,-779534.0,-6777.0
Gujarat,India,2022-01-16 04:21:12,916090,10151,,,-656993.0,-5775.0
Gujarat,India,2022-01-17 04:21:08,926240,10159,,,-222646.0,-1530.0
Gujarat,India,2022-01-18 04:21:04,938993,10164,,,-111881.0,-74.0
Gujarat,India,2022-01-19 04:21:23,956112,10174,,,-648414.0,-5655.0
Gujarat,India,2022-01-20 04:21:07,977078,10186,,,-671740.0,-5676.0
Gujarat,India,2022-01-21 04:21:09,1001563,10199,,,-173948.0,-105.0
Gujarat,India,2022-01-22 04:21:13,1022788,10215,,,-200639.0,-187.0
Gujarat,India,2022-01-23 04:21:13,1045938,10230,,,-757289.0,-5776.0
Gujarat,India,2022-01-24 04:21:12,1062555,10249,,,-1016125.0,-8143.0
Gujarat,India,2022-01-25 04:21:05,1076360,10274,,,-874411.0,-6368.0
Gujarat,India,2022-01-26 04:21:07,1092968,10302,,,-265784.0,-211.0
Gujarat,India,2022-01-27 04:21:19,1107749,10323,,,-917388.0,-6508.0
Gujarat,India,2022-01-28 04:21:09,1120660,10345,,,-824340.0,-5866.0
Gujarat,India,2022-01-29 04:21:10,1132791,10375,,,-902878.0,-6182.0
Gujarat,India,2022-01-30 04:21:26,1144585,10408,,,-941076.0,-6486.0
Gujarat,India,2022-01-31 04:21:09,1153980,10438,,,-369304.0,-915.0
Gujarat,India,2022-02-01 04:21:11,1160659,10473,,,-1133979.0,-8835.0
Gujarat,India,2022-02-02 04:21:09,1168997,10511,,,-826971.0,-5765.0
Gujarat,India,2022-02-03 04:21:21,1177931,10545,,,-355597.0,-513.0
Gujarat,India,2022-02-04 04:21:10,1185537,10579,,,-358980.0,-490.0
Gujarat,India,2022-02-05 04:21:05,1191634,10614,,,-365932.0,-532.0
Gujarat,India,2022-02-06 04:21:00,1196344,10648,,,-952086.0,-6346.0
Gujarat,India,2022-02-07 04:21:05,1200241,10667,,,-373614.0,-577.0
Gujarat,India,2022-02-08 04:21:15,1203150,10688,,,-372072.0,-570.0
Gujarat,India,2022-02-09 04:21:04,1205652,10716,,,-377846.0,-621.0
Gujarat,India,2022-02-10 04:21:14,1208212,10740,,,-380467.0,-645.0
Gujarat,India,2022-02-11 04:21:09,1210487,10761,,,-943924.0,-6357.0
Gujarat,India,2022-02-12 04:21:06,1212370,10775,,,-389750.0,-738.0
Gujarat,India,2022-02-13 04:21:00,1212370,10775,,,-1122376.0,-7830.0
